Place_Id,Place_Name,Description,Category,City,Price,Rating,Time_Minutes,Cordinate,Lat,Long,Maps,Image
1,Bali Swing,"Bali swing di desa Bongkasa adalah sebuah rekreasi atau wisata petualangan baru yang ada di Bali. Swing atau ayunan ini cukup diminati bagi mereka yang ingin merasakan sebuah tantangan dan uji nyali. Memang menikmati berbagai tantangan termasuk juga pesona alam indah pulau Dewata Bali, tentunya sudah sering dimanjakan dengan keindahan alam pantai termasuk juga sejuknya alam pegunungan, danau dan juga air terjun yang ada di pulau ini.",Alam,Badung,98000,4.5,,"{'lat': -8.4905859, 'lng': 115.2398071}",-8.4905859,115.2398071,"https://www.google.com/maps/place/Bali+Swing/@-8.4905806,115.2376184,17z/data=!3m1!4b1!4m5!3m4!1s0x2dd23d2bb78f98e5:0xdc87cb5e74348952!8m2!3d-8.4905859!4d115.2398071",https://images.unsplash.com/photo-1554481924-0eecea3f21de?ixlib=rb-1.2.1&ixid=MnwxMjA3fDB8MHxwaG90by1wYWdlfHx8fGVufDB8fHx8&auto=format&fit=crop&w=870&q=80
2,Pantai Kelingking,Kelingking Beach adalah salah satu spot Nusa Penida yang paling terkenal. Situs perjalanan besar menggunakan fotonya untuk mengiklankan Bali dan bahkan terkadang Indonesia. Tempatnya memang sangat spektakuler dan sungguh menakjubkan. Batuan Pantai Kelingking terlihat seperti tulang punggung dinosaurus yang akan minum di laut.,Alam,Klungkung,5000,4.9,,"{'lat': -8.7503812, 'lng': 115.4704331}",-8.7503812,115.4704331,"https://www.google.com/maps/place/Kelingking+Beach+Nusa+Penida/@-8.7503812,115.4704331,17z/data=!3m1!4b1!4m5!3m4!1s0x2dd26f1616cd2cc7:0xee84b7df0afbff19!8m2!3d-8.7503865!4d115.4726218",https://images.unsplash.com/photo-1570811433296-87c8f5118244?ixlib=rb-1.2.1&ixid=MnwxMjA3fDB8MHxwaG90by1wYWdlfHx8fGVufDB8fHx8&auto=format&fit=crop&w=874&q=80
3,Sawah Terasering Tegallalang,"Tegalalang Rice Terrace, objek wisata ini merupakan areal persawahan yang menawarkan pemandangan yang unik dan asri. Berbeda dari areal persawahan di kota-kota lainnya, areal persawahan ini didesain secara berundak (terassering), sehingga menciptakan teras-teras hijau yang memesona.",Alam,Gianyar,10000,4.4,,"{'lat': -8.4340403, 'lng': 115.2792569}",-8.4340403,115.2792569,"https://www.google.com/maps/place/Tegallalang+Rice+Terrace/@-8.4340403,115.2792569,17z/data=!3m1!4b1!4m6!3m5!1s0x2dd2220b23f900e3:0x8d1a8969386c04ed!8m2!3d-8.4340403!4d115.2792569!16s%2Fm%2F0kcf42x?authuser=0&hl=en",https://images.unsplash.com/photo-1596609367723-a76e176901ad?ixlib=rb-1.2.1&ixid=MnwxMjA3fDB8MHxwaG90by1wYWdlfHx8fGVufDB8fHx8&auto=format&fit=crop&w=870&q=80
4,Air Terjun Tegenungan,"Air Terjun Tegenungan adalah air terjun di Bali , Indonesia . Terletak di desa Tegenungan Kemenuh, di Kabupaten Gianyar , utara dari ibukota Denpasar dan dekat dengan desa seni Bali Ubud . Air terjun ini terisolasi tetapi telah menjadi objek wisata yang populer.",Alam,Gianyar,20000,4.3,,"{'lat': -8.5753078, 'lng': 115.2713102}",-8.5753078,115.2713102,"https://www.google.com/maps/place/Tegenungan+Waterfall/@-8.5753078,115.2713102,14z/data=!3m1!4b1!4m5!3m4!1s0x2dd2161beebd0c61:0xc1ae79ddb8410c5e!8m2!3d-8.575327!4d115.2887716?authuser=0&hl=en",https://images.unsplash.com/photo-1551518157-eeb214ad83cc?ixlib=rb-1.2.1&ixid=MnwxMjA3fDB8MHxwaG90by1wYWdlfHx8fGVufDB8fHx8&auto=format&fit=crop&w=872&q=80
5,Istana Ubud,"Ubud Palace adalah sebuah kompleks bangunan bersejarah yang terletak di Ubud , Kabupaten Gianyar Bali , Indonesia. Istana ini merupakan kediaman resmi keluarga kerajaan Ubud. Dalam perjalanannya itulah Rsi Markandya menerima wahyu ilahi bahwa di Bali ia akan mengubur lima logam mulia di lereng gunung tempat candi induk Besakih sekarang berdiri saat ini. Bersama sekelompok pengikutnya, Rsi Markandya secara magnetis tertarik ke sebuah destinasi yang terletak di kaki bukit tengah pulau yang memancarkan cahaya dan energi. Tempat ini adalah Campuhan di Ubud di sebuah persimpangan di Sungai Wos dan di sinilah ia merasa terdorong untuk membangun sebuah pura dengan nama Pura Gunung Lebah.",Budaya,Gianyar,100000,4.2,,"{'lat': -8.5067194, 'lng': 115.2627222}",-8.5067194,115.2627222,https://www.google.com/maps/place/Ubud+Palace/data=!4m6!3m5!1s0x2dd23d6af37eb24b:0x4bcdf69a281c3f32!8m2!3d-8.5067194!4d115.2627222!16s%2Fm%2F012nzpgj?authuser=0&hl=en&rclk=1,https://images.unsplash.com/photo-1553984692-28866d21c23b?ixlib=rb-1.2.1&ixid=MnwxMjA3fDB8MHxwaG90by1wYWdlfHx8fGVufDB8fHx8&auto=format&fit=crop&w=761&q=80
6,Sawah Terasering Jatiluwih,"Sawah Terasering Jatiluwih  adalah salah satu objek wisata di Bali yang selalu banyak dikunjungi wisatawan setiap harinya.  Objek wisata ini berada di Desa Jatiluwih, menawarkan pemandangan menakjubkan dari sawah irigasi berkontur dengan menggunakan sistem air komunal yang dikembangkan oleh petani Bali.",Alam,Tabanan,15000,4.7,,"{'lat': -8.37031, 'lng': 115.131372}",-8.37031,115.131372,https://www.google.com/maps/place/Jatiluwih+Rice+Terrace/data=!4m6!3m5!1s0x2dd227ab020cd7fb:0x2f0f875ff3e6839a!8m2!3d-8.37031!4d115.131372!16s%2Fg%2F11b6dfvgqz?authuser=0&hl=en&rclk=1,https://images.unsplash.com/photo-1585302769435-6fc71f39f688?ixlib=rb-1.2.1&ixid=MnwxMjA3fDB8MHxwaG90by1wYWdlfHx8fGVufDB8fHx8&auto=format&fit=crop&w=870&q=80
7,Tanah Lot,"Tanah Lot adalah adalah formasi batuan di pulau Bali, Indonesia . Ini adalah rumah bagi kuil ziarah Hindu kuno Pura Tanah Lot (secara harfiah ""pura Tanah Lot""), ikon wisata dan budaya yang populer untuk fotografi.",Alam,Tabanan,20000,4.6,,"{'lat': -8.6212118, 'lng': 115.0868032}",-8.6212118,115.0868032,https://www.google.com/maps/place/Tanah+Lot/data=!4m6!3m5!1s0x2dd237824f71deab:0xcaabe270f7e34d69!8m2!3d-8.621213!4d115.086807!16zL20vMGJ2NGRo?authuser=0&hl=en&rclk=1,https://images.unsplash.com/photo-1553902000-e036b7d05af5?ixlib=rb-1.2.1&ixid=MnwxMjA3fDB8MHxwaG90by1wYWdlfHx8fGVufDB8fHx8&auto=format&fit=crop&w=870&q=80
8,Tirta Gangga,"Tirta Gangga adalah bekas istana kerajaan di Bali timur , Indonesia , sekitar 5 kilometer dari Karangasem , dekat Abang . Dinamakan setelah sungai suci Gangga dalam agama Hindu, tempat ini terkenal dengan istana air kerajaan Karangasem, kolam pemandian, dan kuil Patirthan.",Budaya,Karangasem,25000,4.6,,"{'lat': -8.4123473, 'lng': 115.5872919}",-8.4123473,115.5872919,"https://www.google.com/maps/place/Tirta+Gangga/@-8.4123473,115.5872919,17z/data=!3m1!4b1!4m6!3m5!1s0x2dd24736f4379ad1:0x65af03b0d108a7d1!8m2!3d-8.4123473!4d115.5872919!16s%2Fm%2F09rv951?authuser=0&hl=en",https://live.staticflickr.com/591/20870838173_b25e8e0c98_b.jpg
9,Monkey Forest Ubud,"Monkey Forest Ubud adalah suaka dan habitat alami kera ekor panjang Bali. Terletak di Padangtegal Ubud, Bali. Sekitar 1049 monyet tinggal di cagar alam ini. Mereka dibagi menjadi 6 kelompok, yaitu kelompok depan candi utama, kelompok konservasi hutan, kelompok titik tengah, kelompok timur, kelompok Michelin, dan kelompok kuburan.",Alam,Gianyar,40000,4.5,,"{'lat': -8.5193299, 'lng': 115.2431631}",-8.5193299,115.2431631,"https://www.google.com/maps/place/Sacred+Monkey+Forest+Sanctuary/@-8.5193299,115.2431631,14z/data=!4m5!3m4!1s0x2dd23d43f6189b67:0xb6ec43164befc356!8m2!3d-8.5193727!4d115.2606299?authuser=0&hl=en",https://images.unsplash.com/photo-1652451160926-6d0f2bb16cfe?ixlib=rb-1.2.1&ixid=MnwxMjA3fDB8MHxwaG90by1wYWdlfHx8fGVufDB8fHx8&auto=format&fit=crop&w=870&q=80
10,Kebun Raya Bali,"Kebun Raya Bali merupakan tempat yang unik di pulau Bali yang memadukan penelitian botani, pelestarian tumbuhan, pendidikan dan rekreasi. Disini anda dapat bersantai sambil menikmati keindahan dan kedamaian sambil mempelajari manfaat tumbuhan bagi kehidupan masyarakat. Di kebun raya pun anda dapat melihat tumbuhan hutan hujan tropik dan kehidupan burungnya.",Alam,Tabanan,20000,4.5,,"{'lat': -8.2814516, 'lng': 115.1542491}",-8.2814516,115.1542491,"https://www.google.com/maps/place/Kebun+Raya+Bali/@-8.2814516,115.1542491,17z/data=!4m8!3m7!1s0x2dd1891a19b70141:0x76a13fb929f56026!8m2!3d-8.2814516!4d115.1564378!9m1!1b1!16s%2Fm%2F0ll4kxl?authuser=0&hl=en",https://live.staticflickr.com/4094/4908860707_edbbdf1bbb_b.jpg
11,Upside Down World Bali,"Di Upside Down World Bali, Anda dapat mengambil gambar paling menarik dalam suasana yang biasa saja. Pertama kali didirikan pada tahun 2016, Upside Down World adalah studio foto dengan 8 ruangan yang berbeda, masing-masing dengan konsep dan desain interior yang unik. Anda mungkin bertanya-tanya, apa yang membuatnya begitu istimewa? Sesuai dengan namanya, Upside Down World memiliki kamar yang semuanya terbalik!",Hobi,Denpasar,100000,4.3,,"{'lat': -8.716711, 'lng': 115.2052612}",-8.716711,115.2052612,"https://www.google.com/maps/place/Upside+Down+World+Bali/@-8.716711,115.2052612,17z/data=!3m1!4b1!4m5!3m4!1s0x2dd2414421ee552f:0xb23009c36c511835!8m2!3d-8.716711!4d115.2052612?authuser=0&hl=en",https://live.staticflickr.com/8276/28759303924_ff50e0ea64_4k.jpg
12,Taman Sukasada,"Taman Sukasada, adalah sebuat taman di banjar Ujung, desa Tumbu, kecamatan Karangasem, Karangasem, Bali. Taman ini terletak sekitar 5 km di sebelah tenggara kota Amlapura. Pada masa Hindia Belanda tempat ini dikenal dengan nama Waterpaleis atau ""istana air"".",Alam,Karangasem,10000,4.6,,"{'lat': -8.4647081, 'lng': 115.6301561}",-8.4647081,115.6301561,"https://www.google.com/maps/place/Taman+Soekasada+Ujung/@-8.4647081,115.6301561,17z/data=!4m6!3m5!1s0x2dd20876c074126d:0xce57da4e1329d347!8m2!3d-8.4647081!4d115.6301561!16s%2Fg%2F1hf1l6_dx?authuser=0&hl=en",https://live.staticflickr.com/4435/36790963661_0d805299cf_b.jpg
13,Water Blow Nusa Dua,Water Blow Peninsula Nusa Dua adalah objek wisata yang memiliki karakteristik dan keunikan fenomena alam yaitu deburan ombak yang menjulang tinggi mencapai 8 meter akibat terempas di karang-karang.,Alam,Badung,15000,4.4,,"{'lat': -8.8038567, 'lng': 115.2398639}",-8.8038567,115.2398639,"https://www.google.com/maps/place/Waterblow/@-8.8038567,115.2398639,17z/data=!3m1!4b1!4m6!3m5!1s0x2dd242d64fdf1499:0x693ff9065fcd1f44!8m2!3d-8.8038567!4d115.2398639!16s%2Fg%2F11b66sm7gm?authuser=0&hl=en",https://live.staticflickr.com/8370/8438224712_1d57af25b6_k.jpg
14,Pura Luhur Uluwatu,"Pura (Luhur) Uluwatu adalah sebuah pura laut Hindu Bali ( Pura Segara ) yang terletak di Uluwatu ( Kuta Selatan , Badung ). Pura ini dianggap sebagai salah satu kahyangan yang menyedihkan dan dipersembahkan kepada Sang Hyang Widhi Wasa dalam manifestasinya sebagai Rudra",Budaya,Badung,50000,4.6,,"{'lat': -8.829354, 'lng': 115.0840778}",-8.829354,115.0840778,"https://www.google.com/maps/place/Uluwatu+Temple/@-8.829354,115.0840778,18z/data=!3m1!4b1!4m5!3m4!1s0x2dd24ffc20cb8191:0xcb98d1ba7db0495!8m2!3d-8.8291432!4d115.0849069?authuser=0&hl=en",https://live.staticflickr.com/8635/30054967702_4b2d8df047_5k.jpg
15,Taman Anyar,"Taman Anyar adalah taman untuk memperlajari kehidupan sehari-hari orang Bali yang biasa, Anda akan belajar bagaimana menjadi orang Bali. mulai dari proses bertani, belajar tentang rumah dan pura Bali, membuat persembahan, kelas memasak, membuat minyak kelapa dan menikmati makan siang dengan pertunjukan tari. cara terbaik untuk menghindari tempat wisata dan mulai dengan tradisi.",Edukasi,Badung,650000,4.6,,"{'lat': -8.5477665, 'lng': 115.2030592}",-8.5477665,115.2030592,"https://www.google.com/maps/place/Taman+Anyar+-+Traditional+Balinese+House/@-8.5477665,115.2030592,17z/data=!3m1!4b1!4m6!3m5!1s0x2dd23c6d059df3ed:0xcf94cc299e7aa353!8m2!3d-8.5477665!4d115.2030592!16s%2Fg%2F11dxdmyf9x?authuser=0&hl=en",https://live.staticflickr.com/1059/1325030295_f7be469965_c.jpg
16,Taman Budaya Garuda Wisnu Kencana,"Taman Budaya Garuda Wisnu Kencana atau kerap disebut dengan GWK, adalah sebuah taman wisata budaya di bagian selatan pulau Bali. Taman wisata ini terletak di Desa Ungasan, Kecamatan Kuta Selatan, Kabupaten Badung, kira-kira 40 kilometer di sebelah selatan Denpasar, ibu kota provinsi Bali.Di sini berdiri megah sebuah landmark atau maskot Bali, yakni patung Garuda Wisnu Kencana yang menggambarkan sosok Dewa Wisnu menunggangi tunggangannya, Garuda, setinggi 121 meter.",Budaya,Badung,95000,4.5,,"{'lat': -8.8104175, 'lng': 115.1654099}",-8.8104175,115.1654099,"https://www.google.com/maps/place/Garuda+Wisnu+Kencana+Cultural+Park/@-8.8104175,115.1654099,17z/data=!3m1!4b1!4m5!3m4!1s0x2dd244cf54e1dec7:0x1988663e064f5a51!8m2!3d-8.8104228!4d115.1675986?authuser=0&hl=en",https://images.unsplash.com/photo-1641258310476-f83cfe76c3b3?ixlib=rb-1.2.1&ixid=MnwxMjA3fDB8MHxwaG90by1wYWdlfHx8fGVufDB8fHx8&auto=format&fit=crop&w=871&q=80
17,Hidden Canyon Beji Guwang,Satu lagi obyek wisata alam eksotik di Bali yang masih jarang diketahui wisatawan yaitu ngarai yang berada di wilayah Desa Guwang Kecamatan Sukawati Kabupaten Gianyar. Sebuah ngarai tersembunyi yang disebut Hidden Canyon Beji Guwang Sukawati oleh wisatawan asing. Ngarai (Canyon = Bahasa Inggris) merupakan lembah yang dalam dan sempit dengan lereng bebatuan yang dibentuk akibat erosi aliran air sungai sehingga memberikan kesan artistik pada setiap dinding tebing - tebing sepanjang aliran sungai Beji Guwang.,Alam,Gianyar,10000,4.5,,"{'lat': -8.60991, 'lng': 115.2872399}",-8.60991,115.2872399,"https://www.google.com/maps/place/Hidden+Canyon+Beji+Guwang/@-8.60991,115.2872399,17z/data=!3m1!4b1!4m5!3m4!1s0x2dd2157e9462182d:0x6e3602576c543e7b!8m2!3d-8.6099153!4d115.2894286?authuser=0&hl=en",https://live.staticflickr.com/8816/28836722516_7fe0769f54_k.jpg
18,Banyumala Twin Waterfalls,Air Terjun Banyumala adalah air terjun yang indah dan memiliki 3 formasi jatuhan air. Yang terbesar berada di tengah. Yang lebih kecil berada di sebelah kiri dan kanannya. Sebuah kolam alami berada di bawahnya.,Alam,Buleleng,10000,4.8,,"{'lat': -8.217182, 'lng': 115.0994924}",-8.217182,115.0994924,"https://www.google.com/maps/place/Banyumala+Twin+Waterfalls/@-8.217182,115.0994924,17z/data=!3m1!4b1!4m5!3m4!1s0x2dd18f9d7a04e875:0x4eccd9e08e4d2397!8m2!3d-8.2171873!4d115.1016811?authuser=0&hl=en",https://live.staticflickr.com/4426/36439338474_a98d6c0ffc_k.jpg
19,Waterbom Bali,"Wisata air ini cocok untuk kamu dan keluarga maupun teman-teman bermain saat musim kemarau. Memiliki luas 3,8 hektar, wahana di Waterbom Bali sangat menarik dan beragam, mulai dari yang jenisnya santai hingga yang memacu adrenalin, seperti Funtastic, Lazy River, Constrictor, Python, Twin Racers, Smash Down 2.0, Fast n Fierce, Double Twist, Green Vipers, Pipeline, Climax, dan Boomerang.",Hobi,Badung,340000,4.7,,"{'lat': -8.7285692, 'lng': 115.1671856}",-8.7285692,115.1671856,"https://www.google.com/maps/place/Waterbom+Bali/@-8.7285692,115.1671856,17z/data=!3m1!4b1!4m5!3m4!1s0x2dd246a3ee8f82df:0x1291d693f3407fa5!8m2!3d-8.7285759!4d115.1693786?authuser=0&hl=en",https://live.staticflickr.com/2090/3542177004_d517a55de7_k.jpg
20,Bali Handara Gate,"Bali Handara Gate, mungkin sudah tidak asing lagi bagi banyak orang, sebuah gapura yang terdapat di kawasan Handara Golf & Resort Bali. Gapura tersebut terletak di pinggir jalan raya utama yang menghubungkan kawasan wisata Bedugul dengan Singaraja Buleleng. Sehingga tidak heran tempat tersebut bagi warga lokal tidak akan asing lagi, ataupun bagi mereka supir wisata yang melayani rangkaian tour dari arah Bali Selatan menuju kawasan Bali Utara sudah familiar dengan tempat ini. Berbeda halnya bagi wisatawan yang baru pertama kali ke sini, keindahan yang ditawarkan oleh Bali Handara Gate tersebut, menjadi daya tarik tersendiri, karena gapura tersebut terlihat begitu cantik dan spesial diantara alam hijau dan taman-taman indah dan latar belakang pegunungan di kawasan ini, gapura ini bahkan disebut sebagai gerbang kahyangan.",Budaya,Buleleng,20000,4.3,,"{'lat': -8.2531088, 'lng': 115.1560952}",-8.2531088,115.1560952,"https://www.google.com/maps/place/Bali+Handara+Gate/@-8.2531088,115.1560952,17z/data=!3m1!4b1!4m5!3m4!1s0x2dd1891554a93a6f:0x39092eb84bc49cd3!8m2!3d-8.2531141!4d115.1582839?authuser=0&hl=en",https://images.unsplash.com/photo-1653189381089-c967d5b7c140?ixlib=rb-1.2.1&ixid=MnwxMjA3fDB8MHxwaG90by1wYWdlfHx8fGVufDB8fHx8&auto=format&fit=crop&w=467&q=80
21,Air Terjun Tukad Cepung,"Air Terjun Tukad Cepung adalah salah satu air terjun paling unik dan fotogenik di Bali. Terkenal dengan sinar matahari yang menyinari langsung puncak air terjun, menciptakan sinar alami melintasi formasi batuan seperti ngarai.",Alam,Bangli,15000,4.7,,"{'lat': -8.3639292, 'lng': 114.6929256}",-8.3639292,114.6929256,"https://www.google.com/maps/place/Tukad+Cepung+Waterfall/@-8.3639292,114.6929256,9z/data=!4m9!1m2!2m1!1sAir+Terjun+Tukad+Cepung!3m5!1s0x2dd21ba0481caa43:0xbd3a446ae88503f!8m2!3d-8.4410173!4d115.3868079!15sChdBaXIgVGVyanVuIFR1a2FkIENlcHVuZ0jphfqY0raAgAhaGSIXYWlyIHRlcmp1biB0dWthZCBjZXB1bmdiCQkrRudrOROLSZIBEnRvdXJpc3RfYXR0cmFjdGlvbpoBJENoZERTVWhOTUc5blMwVkpRMEZuU1VSTGQwNWZVV2huUlJBQg?authuser=0&hl=en",https://images.unsplash.com/photo-1564462369725-93845d6b5c8e?ixlib=rb-1.2.1&ixid=MnwxMjA3fDB8MHxwaG90by1wYWdlfHx8fGVufDB8fHx8&auto=format&fit=crop&w=387&q=80
22,Pura Tirta Empul,"Pura Tirta Empul adalah pura Hindu di tengah pulau Bali, Indonesia, tepatnya di Desa Manukaya, Kecamatan Tampaksiring, Kabupaten Gianyar,[1] yang terkenal dengan air sucinya di mana orang Hindu Bali mencari penyucian.",Budaya,Gianyar,30000,4.6,,"{'lat': -8.4157038, 'lng': 115.3153042}",-8.4157038,115.3153042,"https://www.google.com/maps/place/Pura+Tirta+Empul/@-8.4157038,115.3153042,17z/data=!4m5!3m4!1s0x2dd218f4e06131b5:0x53a25a017714ecc1!8m2!3d-8.4157586!4d115.3151588?authuser=0&hl=en",https://images.unsplash.com/photo-1565970141927-d4591950032e?ixlib=rb-1.2.1&ixid=MnwxMjA3fDB8MHxwaG90by1wYWdlfHx8fGVufDB8fHx8&auto=format&fit=crop&w=870&q=80
23,Karang Boma Cliff,Karang Boma Cliff adalah merupakan objek wisata tebing pantai di pecatu kuta bali yang menjorok ke laut dan memiliki sisi historis. Puncak Tebing Karang Boma ini sendiri letaknya berada di atas ketinggian sekitar 97 meter di atas permukaan air laut di bawahnya. Dan inilah yang menjadi daya tarik utama dari puncak karang boma ini yakni menikmati sensasi pesona keindahan alam yang terhampar di bawahnya,Alam,Badung,10000,4.7,,"{'lat': -8.8345313, 'lng': 115.0855364}",-8.8345313,115.0855364,"https://www.google.com/maps/place/Karang+Boma+Cliff/@-8.8345313,115.0855364,17z/data=!3m1!4b1!4m5!3m4!1s0x2dd2500bfc06ef09:0xb5e356ec177894d0!8m2!3d-8.8345366!4d115.0877251?authuser=0&hl=en",https://images.unsplash.com/photo-1577246685687-b23fce3cd3a3?ixlib=rb-1.2.1&ixid=MnwxMjA3fDB8MHxwaG90by1wYWdlfHx8fGVufDB8fHx8&auto=format&fit=crop&w=464&q=80
24,Penangkaran Penyu Bali Tanjung Benoa,"Pulau penyu Bali adalah tempat penangkaran penyu hijau yang lokasinya berada di obyek wisata Tanjung Benoa Bali. Pengelolaan penangkaran penyu hijau, di lakukan secara swadaya oleh masyarakat Tanjung Benoa, yang sebelumnya sebagian besar bekerja sebagai nelayan. Yang akan dapat anda lihat saat wisata ke penangkaran penyu hijau di Tanjung Benoa seperti, penyu hijau, ular piton, burung dan masih ada banyak lagi hewan lainnya.",Edukasi,Badung,10000,4.1,,"{'lat': -8.7617034, 'lng': 115.2161812}",-8.7617034,115.2161812,"https://www.google.com/maps/place/Penangkaran+Penyu+Bali+Tanjung+Benoa/@-8.7617034,115.2161812,17z/data=!4m6!3m5!1s0x2dd243a32e668d47:0x3d52bd86b73ff3de!8m2!3d-8.7617034!4d115.2161812!16s%2Fg%2F11b8ymr4hv?authuser=0&hl=en",https://images.unsplash.com/photo-1653790857496-4702665ff2cf?ixlib=rb-1.2.1&ixid=MnwxMjA3fDB8MHxwaG90by1wYWdlfHx8fGVufDB8fHx8&auto=format&fit=crop&w=1832&q=80
25,Bali Cultural Centre,"Bali Culture Center  adalah Bali mini dengan sajian budaya Bali lengkap dengan keunikan budaya yang ada di Pulau Bali. Budaya Bali sangat unik dan kompleks yang berkaitan dengan kehidupan sosial, keluarga serta agama. Selanjutnya, Anda akan menemukan berbagai kegiatan budaya dengan staf yang ramah yang memandu dan menyajikannya kepada Anda. Di set dalam ketenangan pedesaan Nyuh Kuning,  Ubud Bali  dan kelapa tiga mengelilinginya. Ragam budaya klasik yang berkaitan dengan Hindu Bali dihadirkan untuk semua pengunjung dalam arsitektur bangunan Bali yang indah. Selain itu, Anda dapat mengunjungi situs ini selama  Tur Ubud kami  atau dengan sengaja mempelajari Program Pelajaran Budaya Bali.",Budaya,Gianyar,50000,4.3,,"{'lat': -8.528406, 'lng': 115.2405273}",-8.528406,115.2405273,"https://www.google.com/maps/place/Bali+Cultural+Centre/@-8.528406,115.2405273,14z/data=!4m9!1m2!2m1!1sbali+culture+center!3m5!1s0x2dd23da04f19c489:0xae4a34a394d89c9!8m2!3d-8.5276055!4d115.2580594!15sChNiYWxpIGN1bHR1cmUgY2VudGVyWhUiE2JhbGkgY3VsdHVyZSBjZW50ZXKSARJ0b3VyaXN0X2F0dHJhY3Rpb24?authuser=0&hl=en",https://live.staticflickr.com/4318/35353470413_62f48911c9_k.jpg
26,Sangeh Monkey Forest,"Obyek Wisata Alam Sangeh tidak hanya terkenal karena keberadaan Keranya yang jinak, namun karena adanya 10 ha. Homogen hutan Pala (Dipterocarpus trinervis), bijinya tidak bisa dimakan dan juga adanya Pura Bukit Sari yang merupakan Pura peninggalan Abad Ke- 17 pada waktu kejayaan kerajaan Mengwi.",Alam,Badung,60000,4.5,,"{'lat': -8.481769, 'lng': 115.2045504}",-8.481769,115.2045504,"https://www.google.com/maps/place/Sangeh+Monkey+Forest/@-8.481769,115.2045504,17z/data=!3m1!4b1!4m5!3m4!1s0x2dd223492c21e6a3:0xb715386c995db0c2!8m2!3d-8.4817743!4d115.2067391?authuser=0&hl=en",https://images.unsplash.com/photo-1616207963720-3d78ac5c0682?ixlib=rb-1.2.1&ixid=MnwxMjA3fDB8MHxwaG90by1wYWdlfHx8fGVufDB8fHx8&auto=format&fit=crop&w=870&q=80
27,Pantai Legian,"Daya tarik utama pantai Legian terletak pada, pesisir pantai sangat landai dan memiliki bentangan pasir pantai yang sangat panjang. Terbentang dari sisi utara pantai Kuta, sampai sisi selatan pantai Double Six Seminyak. Ombak di pantai Legian banyak di minati oleh peselancar, oleh karena itu lomba selancar sering di adakan di pantai ini. Karena ombak di Legian beach sangat cocok untuk aktivitas selancar, membuat pantai Legian sangat diminati oleh wisatawan asing yang berlibur di Bali, terutama wisatawan Australia. Jika anda mahir dalam berselancar, anda dapat menyewa papan selancar yang banyak tersedia di pinggir pantai.",Alam,Badung,0,4.5,,"{'lat': -8.7033427, 'lng': 115.1553918}",-8.7033427,115.1553918,"https://www.google.com/maps/place/Legian+Beach/@-8.7033427,115.1553918,15z/data=!3m1!4b1!4m5!3m4!1s0x2dd246e7987b2117:0xeca4ea2fc43d3caf!8m2!3d-8.7039476!4d115.1647362?authuser=0&hl=en",https://live.staticflickr.com/7110/7569335084_bed6eecddf_k.jpg
28,Alas Harum Agrotourism,"Alas Harum merupakan salah satu objek agrowisata populer yang terletak di Jl. Lunga Tegallalang, sekitar 20 menit dari Pusat Ubud. Tempat ini akan menawarkan Anda banyak kegiatan seperti langkah-langkah membuat kopi luwak, ayunan, zip line dan banyak tempat untuk berfoto dengan pemandangan indah yang sempurna seperti pemandangan teras pribadi, lantai kaca, sarang burung, jembatan menari, yang besar lekukan wajah gorila dan pekak brayut. Selain itu, Alas Harum juga memiliki patung luwak terbesar di Indonesia.",Alam,Gianyar,50000,4.5,,"{'lat': -8.4398847, 'lng': 115.2784188}",-8.4398847,115.2784188,"https://www.google.com/maps/place/Alas+Harum+Bali/@-8.4398847,115.2784188,17z/data=!3m1!4b1!4m5!3m4!1s0x2dd2227ee0628013:0xf443506a00fa75f3!8m2!3d-8.43989!4d115.2806075?authuser=0&hl=en",https://live.staticflickr.com/65535/49726849077_da274f4edf_k.jpg
29,Wake Bali Adventure,"ATV Ride Wake Bali Adventure merupakan ATV pertama di Bali yang melalui trek persawahan, tebing, sungai , dan pantai berpasir hitam yang begitu indah. Panjang trek ini kurang 6,5 km dan memerlukan waktu tempuh sekitar 2,5 jam. Tapi jangan khawatir karena selama perjalanan, anda akan ditemani oleh pemandu yang sudah profesional.",Hobi,Gianyar,950000,4,,"{'lat': -8.5713927, 'lng': 115.3197533}",-8.5713927,115.3197533,"https://www.google.com/maps/place/Wake+Bali+Adventure/@-8.5713927,115.3197533,17z/data=!3m1!4b1!4m5!3m4!1s0x2dd215d02c2c2f19:0x3d5aed6d4903c3d0!8m2!3d-8.571398!4d115.321942?authuser=0&hl=en",https://live.staticflickr.com/4492/23859545558_967722499f_c.jpg
30,Ulun Danu Beratan,"Pura Ulun Danu Beratan / Pura Penataran Agung Ulun Danu Beratan adalah salah satu  dari sembilan Pura Khayangan Jagat yang mengelilingi Pulau Bali, Pura ini adalah tempat yang digunakan oleh umat Hindu di Bali maupun Indonesia untuk memuja Tuhan Yang Maha Esa dalam manifestasi nya sebagai “Tri Murti” (Brahma, Wisnu & Siwa) dalam pengharapannya untuk kesuburan Tanah, Kemakmuran dan kesejahteraan manusia termasuk juga demi lestarinya alam semesta.",Budaya,Tabanan,30000,4.7,,"{'lat': -8.2751754, 'lng': 115.1646347}",-8.2751754,115.1646347,"https://www.google.com/maps/place/Ulun+Danu+Beratan+Temple/@-8.2751754,115.1646347,17z/data=!3m1!4b1!4m5!3m4!1s0x2dd1896c9fac0857:0x18246568e4db1b53!8m2!3d-8.2751807!4d115.1668234?authuser=0&hl=en",https://images.unsplash.com/photo-1604999333679-b86d54738315?ixlib=rb-1.2.1&ixid=MnwxMjA3fDB8MHxwaG90by1wYWdlfHx8fGVufDB8fHx8&auto=format&fit=crop&w=1925&q=80
31,Pura Besakih,"Pura Besakih adalah sebuah kompleks pura di desa Besakih di lereng Gunung Agung di Bali timur , Indonesia . Ini adalah yang paling penting, candi terbesar dan tersuci Hindu Bali, dan salah satu dari serangkaian candi Bali . Bertengger hampir 1000 meter di sisi Gunung Agung, itu adalah kompleks luas dari 23 candi yang terpisah tetapi terkait dengan yang terbesar dan terpenting adalah Pura Penataran Agung. Candi ini dibangun pada enam tingkat, bertingkat di lereng. Pintu masuknya ditandai dengan candi bentar(gerbang terbelah), dan di luarnya Kori Agung merupakan pintu gerbang menuju pelataran kedua.",Budaya,Karangasem,30000,4.6,,"{'lat': -8.3725372, 'lng': 115.4480656}",-8.3725372,115.4480656,"https://www.google.com/maps/place/Besakih+Great+Temple/@-8.3725372,115.4480656,17z/data=!3m1!4b1!4m5!3m4!1s0x2dd21cbe3748b2b7:0xbfc39798cd1bb4a!8m2!3d-8.3725751!4d115.4525169?authuser=0&hl=en",https://images.unsplash.com/photo-1593938637267-7d70420742a3?ixlib=rb-1.2.1&ixid=MnwxMjA3fDB8MHxwaG90by1wYWdlfHx8fGVufDB8fHx8&auto=format&fit=crop&w=2069&q=80
32,Bali Wake Park,"Cable Wakeboarding di danau seluas 6 hektar, atau tantang diri Anda di Aqua Park terbesar di Asia di Aqua Land. Kami memiliki infinity pool dengan bar, Cables Cafe, Pro Shop untuk semua kebutuhan boarding Anda dan butik pakaian olahraga yang menampilkan Slam 69 dan Rip Curl gear. Penyimpanan gratis wakeboard dan perlengkapan untuk pengunjung dari luar negeri. Buka sekarang, Bunk House by Bali Wake Park, penginapan di tempat kami untuk tamu yang ingin bangun dari tempat tidur dan melompat ke atas kapal!""",,Denpasar,320000,4.4,,"{'lat': -8.7240429, 'lng': 115.2122562}",-8.7240429,115.2122562,"https://www.google.com/maps/place/Bali+Wake+Park/@-8.7240429,115.2122562,17z/data=!3m1!4b1!4m5!3m4!1s0x2dd2416717d0a1ab:0xdd299a8a093a881b!8m2!3d-8.7240482!4d115.2144449?authuser=0&hl=en",https://live.staticflickr.com/4018/4318655505_72a6836d54_k.jpg
33,Bali Exotic Marine Park,Habiskan hari yang indah di Bali Exotic Marine Park dan saksikan bagaimana lumba-lumba berenang dan bermain di air. Jangan lewatkan kesempatan untuk membenamkan diri dalam kehidupan laut Bali dengan mengunjungi lembaga konservasi hewan ini,Edukasi,Denpasar,320000,4.7,,"{'lat': -8.7238644, 'lng': 115.214247}",-8.7238644,115.214247,"https://www.google.com/maps/place/Bali+Exotic+Marine+Park/@-8.7238644,115.214247,17z/data=!3m1!4b1!4m5!3m4!1s0x2dd2419a57a1d77f:0x45e6740258630c37!8m2!3d-8.7238697!4d115.2164357?authuser=0&hl=en",https://live.staticflickr.com/847/42622411805_cc3440c58a_k.jpg
34,Camel Adventure Tour,"Bali Camel Adventure menyediakan paket naik unta berikut menyaksikan keindahan alam sunset di pantai Kelan dan dinner dengan suguhan seefood dengan menu ikan bakar, anda akan merasakan suasana romantis dengan pasangan terkasih anda.",Hobi,Badung,200000,4.7,,"{'lat': -8.7526328, 'lng': 115.163802}",-8.7526328,115.163802,"https://www.google.com/maps/place/Bali+Camel+Adventure+-+Kelan+Beach/@-8.7526328,115.163802,17z/data=!3m1!4b1!4m6!3m5!1s0x2dd245f3d7768485:0xcf6d7e9f11686549!8m2!3d-8.7526328!4d115.163802!16s%2Fg%2F11gh_g7131?authuser=0&hl=en",https://live.staticflickr.com/7921/46177653524_2fc55266e3_4k.jpg
35,Taman Mumbul Sangeuh,Taman Mumbul Sangeh merupakan lokasi yang disucikan karena di taman ini terdapat sebuah tempat suci (pura) dan taman ini juga digunakan sebagai tempat upacara Melasti bagi masyarakat desa Sangeh. Di taman ini terdapat sebuah kolam dengan air yang sangat jernih dan dihuni oleh ribuan ikannya yang siap menyapa anda. Taman ini merupakan sebuah area hijau yang asri. Dari sisi sebelah selatan kolam kita bisa menyaksikan indahnya panorama kolam dan sekitarnya serta teduhnya pepohonan menaungi sebuah kolam.,Alam,Badung,0,4.6,,"{'lat': -8.4842768, 'lng': 115.1952199}",-8.4842768,115.1952199,"https://www.google.com/maps/place/Taman+Mumbul+Sangeh/@-8.4842768,115.1952199,14z/data=!3m1!4b1!4m5!3m4!1s0x2dd2234a0ec16b41:0x6ca84c78904c852d!8m2!3d-8.4843196!4d115.2126867?authuser=0&hl=en",https://live.staticflickr.com/4800/40695341522_3878489f5d_c.jpg
36,Barong Tanah Kilap,"Grup Sari Wisata Budaya merupakan salah satu grup tari tradisional Bali di Denpasar yang rutin mengadakan Pertunjukan Tari Barong dan Kecak. Teaternya luas dan memiliki pengaturan tempat duduk yang tepat. Pertunjukan Barong setiap hari akan dimulai pada pukul 21:30 setiap hari, dan tari kecak pada pukul 18:00.",Budaya,Badung,100000,4.6,,"{'lat': -8.7188273, 'lng': 115.1902701}",-8.7188273,115.1902701,"https://www.google.com/maps/place/Barong+Tanah+Kilap+-+Sari+Wisata+Budaya+BALI/@-8.7188273,115.1902701,17z/data=!3m1!4b1!4m5!3m4!1s0x2dd2414c5b2eae35:0x345684bb5f52fa7a!8m2!3d-8.7188326!4d115.1924588?authuser=0&hl=en",https://live.staticflickr.com/210/527341860_cfbc4ac5f0_h.jpg
37,Pantai Pandawa,"Pantai Pandawa Bali, salah satu pantai pasir putih terkenal di Bali yang wajib di kunjungi jika anda liburan di pulau dewata. Pandawa beach terletak di Desa Kutuh, Kabupaten Badung dan lebih terkenal di kalangan wisatawan mancanegara khususnya Australia dengan nama secret beach of Bali. Sedangkan masyarakat lokal lebih mengenal dengan nama pantai Kutuh.",Alam,Badung,8000,4.6,,"{'lat': -8.8454504, 'lng': 115.1866116}",-8.8454504,115.1866116,"https://www.google.com/maps/place/Pandawa+Beach+Bali/@-8.8454504,115.1866116,17z/data=!3m1!4b1!4m6!3m5!1s0x2dd25b04f214986d:0x7277dbadb45a6499!8m2!3d-8.8454504!4d115.1866116!16s%2Fg%2F12q4w015p?authuser=0&hl=en",https://live.staticflickr.com/65535/49998034942_e2a7931ab6_3k.jpg
38,Timbis Paradigling,"Taklukkan rasa takut Anda akan ketinggian dan nikmati sore hari terbang melalui aktivitas paralayang di Pantai Timbis, Bali. Terbang di atas Samudra Hindia yang menakjubkan dan lihat pura tersembunyi, tebing kapur, dan cakrawala Bali yang indah dari atas. Tidak perlu khawatir tentang keselamatan karena Anda akan mendapatkan pelajaran dasar paralayang dan prosedur keselamatan sebelum terbang",Hobi,Badung,750000,4.3,,"{'lat': -8.8419917, 'lng': 115.1920044}",-8.8419917,115.1920044,"https://www.google.com/maps/place/TIMBIS+FLYING+SITE+BALI/@-8.8419917,115.1920044,17z/data=!3m1!4b1!4m6!3m5!1s0x2dd25c9cfdc71cdd:0xfd44618950960bea!8m2!3d-8.8419917!4d115.1920044!16s%2Fg%2F11b7l45knj?authuser=0&hl=en",https://live.staticflickr.com/65535/51343867812_04aa321dc6_b.jpg
39,Bali Safari Marine Park,"Bali Safari and Marine Park atau Taman Safari Indonesia III adalah cabang dari Taman Safari yang terletak di Gianyar , Bali. Bali Safari & Marine Park adalah sebuah taman hiburan yang menawarkan hiburan budaya Bali dan desain terbaru dalam pertemuan satwa liar. Taman ini adalah rumah bagi lebih dari 1000 individu hewan dari 100 spesies eksotis dan endemik Indonesia yang dipilih seperti Komodo, Orangutan, Jalak Bali dan Gajah Sumatera dan banyak lagi.",Alam,Gianyar,720000,4.7,,"{'lat': -8.5842426, 'lng': 115.3467987}",-8.5842426,115.3467987,https://www.google.com/maps/place/Bali+safari+%26+marine+park/data=!4m6!3m5!1s0x2dd2157abd73cb41:0xb57b5bbc45232c30!8m2!3d-8.5842426!4d115.3467987!16s%2Fg%2F11l_fpxw_p?authuser=0&hl=en&rclk=1,https://live.staticflickr.com/8572/15624035093_96494eae7c_z.jpg
40,Kemenuh Butterfly Park,"Bagi Anda pecinta kupu-kupu maka wajib berkunjung ke Kemenuh Butterfly Park, dimana tempat ini merupakan tempat yang wajib dikunjungi bersama keluarga. Karena di tempat ini si kecil dapat melihat kupu-kupu dalam jarak yang dekat, tidak heran jika tempat ini dijadikan wisata edukasi karena cocok dikunjungi oleh anak-anak. Namun bukan berarti orang dewasa tidak cocok berkunjung ke tempat ini.",Alam,Gianyar,100000,4.2,,"{'lat': -8.5652859, 'lng': 115.2843071}",-8.5652859,115.2843071,https://www.google.com/maps/place/Kemenuh+Butterfly+Park/data=!4m6!3m5!1s0x2dd215ffeb420f4b:0x2d7cad8c0bd44ed7!8m2!3d-8.5652859!4d115.2843071!16s%2Fg%2F11fj7t_s6v?authuser=0&hl=en&rclk=1,https://images.unsplash.com/photo-1510019952405-54985d1c907a?ixlib=rb-1.2.1&ixid=MnwxMjA3fDB8MHxwaG90by1wYWdlfHx8fGVufDB8fHx8&auto=format&fit=crop&w=1779&q=80
41,Bali Bird Park,"Lengkapi liburan Anda di Bali dengan menghabiskan hari yang menyenangkan di Bali Bird Park, rumah bagi 1.000 burung dari 250 spesies dari seluruh dunia. Jelajahi pameran yang dibagi ke dalam wilayah asal burung, seperti Amerika Selatan dan Afrika Selatan hingga Kalimantan dan Papua untuk menemukan kakatua, pelikan, macaw, dan banyak lagi di habitat aslinya. ",Alam,Gianyar,60000,4.6,,"{'lat': -8.59998, 'lng': 115.25185}",-8.59998,115.25185,https://www.google.com/maps/place/Bali+Bird+Park/data=!4m6!3m5!1s0x2dd23e4efac54c0f:0x5f8920acf656382c!8m2!3d-8.59998!4d115.25185!16s%2Fm%2F0_fn070?authuser=0&hl=en&rclk=1,https://images.unsplash.com/photo-1588400743909-3eeebe292654?ixlib=rb-1.2.1&ixid=MnwxMjA3fDB8MHxwaG90by1wYWdlfHx8fGVufDB8fHx8&auto=format&fit=crop&w=2070&q=80
42,Pura Penataran Agung Lempuyang,"Pura Penataran Agung Lempuyang adalah sebuah pura yang terletak di lereng Gunung Lempuyang di Karangasem, Bali. Pura Penataran Agung Lempuyang dianggap sebagai bagian dari kompleks pura di sekitar Gunung Lempuyang, salah satu pura yang sangat dihormati di Bali. Pura-pura di Gunung Lempuyang, yang diwakili oleh pura tertinggi di puncak Gunung Lempuyang, Pura Lempuyang Luhur, merupakan salah satu Sad Kahyangan Jagad, atau ""enam tempat suci dunia"", enam tempat sembahyang paling suci di Bali.",Budaya,Karangasem,100000,4.4,,"{'lat': -8.3916251, 'lng': 115.6312085}",-8.3916251,115.6312085,https://www.google.com/maps/place/Pura+Penataran+Agung+Lempuyang/data=!4m6!3m5!1s0x2dd2071753222893:0x40a0fd58fe779263!8m2!3d-8.3916251!4d115.6312085!16s%2Fg%2F11gdkpxymn?authuser=0&hl=en&rclk=1,https://images.unsplash.com/photo-1530080338378-25af8876ae2e?ixlib=rb-1.2.1&ixid=MnwxMjA3fDB8MHxwaG90by1wYWdlfHx8fGVufDB8fHx8&auto=format&fit=crop&w=870&q=80
43,Museum Puri Lukisan,"Museum Puri Lukisan (bernama lengkap Museum Puri Lukisan Ratna Wartha) adalah museum yang menjadi tempat dari berbagai koleksi kesenian budaya Bali berupa lukisan dan hasil ukiran kayu dari yang tradisional sampai yang modern. Museum ini merupakan museum seni tertua di Bali yang menyimpan koleksi sejak tahun 1930 hingga saat ini. Museum ini menyimpak koleksi kesenian berbagai budaya Bali, termasuk Ubud, Sanur, Batuan, Young Artist, dan sekolah Keliki. Museum Puri Lukisan berada di Jalan Raya Ubud, Gianyar, dan berjarak sekitar 40 menit dari bandara Ngurah Rai.",Budaya,Gianyar,85000,4.3,,"{'lat': -8.5052035, 'lng': 115.2602709}",-8.5052035,115.2602709,"https://www.google.com/maps/place/Museum+Puri+Lukisan/@-8.5052035,115.2602709,17z/data=!3m1!4b1!4m6!3m5!1s0x2dd23d6aac844e31:0x1cf8abb996ec8402!8m2!3d-8.5052035!4d115.2602709!16s%2Fm%2F053p5q2?authuser=0&hl=en",https://live.staticflickr.com/8067/8220724993_36abd982e1_h.jpg
44,Bali Fantasi Benoa Bay,"Bali Fantasi adalah salah satu taman penyu di Desa Tanjung Benoa. Taman penyu Bali Fantasi dikelola oleh komunitas organisasi lokal. Berdasarkan hal tersebut, penelitian ini untuk mengetahui bagaimana masyarakat lokal mengelola Bali Fantasi ke Taman Atraksi Wisata.",Alam,Badung,10000,4.3,,"{'lat': -8.7648039, 'lng': 115.2135184}",-8.7648039,115.2135184,"https://www.google.com/maps/place/Bali+Fantasi+Benoa+Bay+(Turtle+park)/@-8.7648039,115.2135184,17z/data=!3m1!4b1!4m5!3m4!1s0x2dd243a3b2cc0df7:0x81f64aaa7cb7cf80!8m2!3d-8.7648048!4d115.215707?authuser=0&hl=en",https://live.staticflickr.com/5071/5847571838_82c62658cd_k.jpg
45,Desa Penglipuran,"Desa Penglipuran adalah salah satu desa adat yang terletak di Kabupaten Bangli , Provinsi Bali , Indonesia . Desa Penglipuran terkenal sebagai salah satu tujuan wisata di Bali karena masyarakatnya yang masih melestarikan budaya tradisional mereka dalam kehidupan sehari-hari. Arsitektur bangunan dan pengolahan lahan masih mengikuti konsep Tri Hita Karana, falsafah masyarakat Bali tentang keseimbangan hubungan antara Tuhan, manusia dan lingkungannya. Desa Penglipuran berhasil membangun pariwisata yang bermanfaat bagi seluruh masyarakatnya tanpa kehilangan budaya dan tradisinya. Pada tahun 1995, Desa Penglipuran juga menerima penghargaan Kalpataru dari Pemerintah Indonesia atas upayanya menjaga Hutan Bambu di ekosistem lokalnya.",Budaya,Bangli,25000,4.8,,"{'lat': -8.4222473, 'lng': 115.359306}",-8.4222473,115.359306,https://www.google.com/maps/place/Penglipuran+Village/data=!4m6!3m5!1s0x2dd2196eace4f4a9:0x3319169adf0c3419!8m2!3d-8.4222473!4d115.359306!16s%2Fg%2F11g6htx9w5?authuser=0&hl=en&rclk=1,https://images.unsplash.com/photo-1542897730-eb9fff056519?ixlib=rb-1.2.1&ixid=MnwxMjA3fDB8MHxwaG90by1wYWdlfHx8fGVufDB8fHx8&auto=format&fit=crop&w=1931&q=80
46,Bukit Teletubbies,Bukit Teletubbies sebagai tempat prewed yang asyik dan menyenangkan. Bukit ini diberi nama karena situs Teletubbies hampir seperti syuting film Teletubbies. Dimana terdapat gundukan-gundukan tinggi yang dihiasi rerumputan dan tanaman yang hijau serta jarak antara perbukitan yang berdekatan.,Alam,Klungkung,10000,4.1,,"{'lat': -8.7853848, 'lng': 115.5747842}",-8.7853848,115.5747842,https://www.google.com/maps/place/Teletubbies+Hill/data=!4m6!3m5!1s0x2dd277452427f161:0x83d3bad6685cda4b!8m2!3d-8.7853848!4d115.5747842!16s%2Fg%2F11cjptm88q?authuser=0&hl=en&rclk=1,https://live.staticflickr.com/2885/9275111338_1976c28bd0_k.jpg
47,Manta Point,"Manta point adalah salah satu tempat menyelam paling terkenal di Nusa Penida karena Anda dapat melihat pari Manta hampir sepanjang tahun. Dan dengan panduan yang baik, Anda akan melihat lebih dari Manta: hiu, makro, pari marmer, pari elang, pari menyengat. Kami bahkan melihat Mola Mola di sana. Kesempatan untuk penemuan hebat atau penyelaman yang menyenangkan selama perjalanan Anda ke Bali!",Hobi,Denpasar,150000,4.5,,"{'lat': -8.7939035, 'lng': 115.527015}",-8.7939035,115.527015,https://www.google.com/maps/place/Manta+Point/data=!4m6!3m5!1s0x2dd27a79360f65f5:0x601f003277685a06!8m2!3d-8.7939035!4d115.527015!16s%2Fg%2F11c0qgmmj9?authuser=0&hl=en&rclk=1,https://images.unsplash.com/photo-1483918040388-de346d6b76c2?ixlib=rb-1.2.1&ixid=MnwxMjA3fDB8MHxwaG90by1wYWdlfHx8fGVufDB8fHx8&auto=format&fit=crop&w=773&q=80
48,Taman Edelweis,"Taman Edelweis ini sangat cocok sebagai tempat berlibur untuk keluarga. Karena disana terdapat taman bunga yang indah. Terdapat jenis bunga kansa atau edelweis yang mendominasi. Oh iya, bunga kansa sendiri merupakan bunga yang identik dengan adat istiadat masyarakat Bali, dimana tak jarang diadakan upacara keagamaan dengan menggunakan bunga kansa sebagai salah satunya.",Alam,Karangasem,10000,4.5,,"{'lat': -8.3691187, 'lng': 115.4636653}",-8.3691187,115.4636653,"https://www.google.com/maps/place/Taman+Edelweis+Bali/@-8.3691187,115.4636653,17z/data=!3m1!4b1!4m6!3m5!1s0x2dd21db916c3b987:0x9edfee0513c3844!8m2!3d-8.3691187!4d115.4636653!16s%2Fg%2F11g19vp3p9?authuser=0&hl=en",https://live.staticflickr.com/7373/9004303171_54c8eabbf4_c.jpg
49,Bali Countryside,"Bali Countryside atau Pedesaan Bali adalah properti yang dimiliki oleh keluarga Bali, diciptakan untuk menawarkan cara alternatif untuk menemukan Bali dan melibatkan diri menuju pengembangan pariwisata berkelanjutan. Antara lain, kita bisa mengadakan trekking di sawah dan workshop budaya dengan penduduk setempat untuk belajar tentang budaya Bali.",Edukasi,Karangasem,0,4.5,,"{'lat': -8.505544, 'lng': 115.425761}",-8.505544,115.425761,https://www.google.com/maps/place/Bali+Countryside+Sidemen/data=!4m6!3m5!1s0x2dd210f87453e769:0x6c3a2008aef6f898!8m2!3d-8.505544!4d115.425761!16s%2Fg%2F11bwkgmsh7?authuser=0&hl=en&rclk=1,https://images.unsplash.com/photo-1652404694690-25482410d492?ixlib=rb-1.2.1&ixid=MnwxMjA3fDB8MHxwaG90by1wYWdlfHx8fGVufDB8fHx8&auto=format&fit=crop&w=1810&q=80
50,Pantai dan Hutan Tembeling,"Tembeling (atau Temeling)  salah satu daya tarik pulau Nusa Penida, masih terpencil. Anda akan menemukan di satu tempat yang sama sebuah hutan primer, kolam alami dan tempat yang sangat romantis di tepi laut.",Alam,Klungkung,60000,4.6,,"{'lat': -8.7706991, 'lng': 115.4969556}",-8.7706991,115.4969556,https://www.google.com/maps/place/Tembeling+Beach+and+Forest/data=!4m6!3m5!1s0x2dd27a78c4f85747:0x5a24fa6829eb4397!8m2!3d-8.7706991!4d115.4969556!16s%2Fg%2F11b88jmcnk?authuser=0&hl=en&rclk=1,https://live.staticflickr.com/7130/8156836007_9b1ffbf3e3_k.jpg
51,Dolphin Water Sport,"Dolphin Watersports adalah salah satu dari banyak perusahaan olahraga air di Tanjung Benoa, Nusa Dua. Terletak di jalan Segara Lor Tanjung Benoa, hanya sekitar 40 menit dari Bandara Ngurah Rai. Perusahaan ini melayani aktivitas olahraga air seperti parasailing, banana boat, jet ski, fly fish, snorkeling, scuba diving, dan masih banyak lagi. Dioperasikan dan didukung oleh staf profesional dan standar internasional dari semua peralatan keselamatan.",Hobi,Badung,472000,4.1,,"{'lat': -8.7530772, 'lng': 115.2202874}",-8.7530772,115.2202874,https://www.google.com/maps/place/Bali+Dolphin+Water+Sport+Adventure/data=!4m6!3m5!1s0x2dd243b8e6c58b87:0xe958bb6d54a9d706!8m2!3d-8.7530772!4d115.2202874!16s%2Fg%2F11cmr0sdq1?authuser=0&hl=en&rclk=1,https://images.unsplash.com/photo-1503856348302-6829f18073f9?ixlib=rb-1.2.1&ixid=MnwxMjA3fDB8MHxwaG90by1wYWdlfHx8fGVufDB8fHx8&auto=format&fit=crop&w=870&q=80
52,Pulau Peninsula Nusa Dua,"Pulau Peninsula Nusa Dua di wilayah Badung ini, ditata dengan baik, bagian terbesarnya adalah lapangan padang rumput hijau yang selalu dirawat dan tertata rapi, pada bagian tengah tanah lapang hijau terdapat sebuah tugu berdiri dengan patung Arjuna – Krisna. Tugu tersebut seolah menyambut kedatangan wisatawan yang berkunjung ke objek wisata ini. Ruang terbuka hijau ini menjadi destinasi wisata atau tempat rekreasi yang ideal untuk mengisi liburan keluarga terutama anak-anak.",Alam,Badung,250000,4.5,,"{'lat': -8.802634, 'lng': 115.238981}",-8.802634,115.238981,"https://www.google.com/maps/place/Peninsula+Island/@-8.802634,115.238981,17z/data=!3m1!4b1!4m6!3m5!1s0x2dd242d7ab709d33:0x39de1606c19ad392!8m2!3d-8.802634!4d115.238981!16s%2Fg%2F1q6crdh9p?authuser=0&hl=en",https://images.unsplash.com/photo-1589786276386-0645c30a473f?ixlib=rb-1.2.1&ixid=MnwxMjA3fDB8MHxwaG90by1wYWdlfHx8fGVufDB8fHx8&auto=format&fit=crop&w=774&q=80
53,Pantai Kuta,"Pantai ini terkenal sejak awal 1970-an. Pantai Kuta dikenal juga dengan sebutan Sunset Beach, kebalikan dari Sunrise Beach, nama lain dari Pantai Sanur . Resor mewah, restoran, dan klub terletak di sepanjang pantai. Pada tahun 2011, pagar batu pasir putih sepanjang dua meter yang dibangun dengan gaya arsitektur Bali, dibangun di sepanjang jalan untuk memblokir pasir agar tidak masuk ke kafe dan restoran. Proyek ini menelan biaya Rp4 miliar ($0,47 juta). Beberapa turis tidak menyukainya karena dianggap menghalangi pemandangan pantai, sementara yang lain percaya tembok itu membantu meredam suara dari lalu lintas yang padat di jalan yang berdekatan. Untuk membuat pantai lebih bersih, mulai akhir Agustus 2011, pedagang dilarang menjual makanan di pantai, tetapi masih diperbolehkan menjual minuman dan suvenir.",Alam,Badung,0,4.6,,"{'lat': -8.7127552, 'lng': 115.1668777}",-8.7127552,115.1668777,https://www.google.com/maps/place/Kuta+Beach/data=!4m6!3m5!1s0x2dd24781456bb291:0x7174dc29ec5b0282!8m2!3d-8.7127552!4d115.1668777!16s%2Fg%2F11cjhzvk9x?authuser=0&hl=en&rclk=1,https://images.unsplash.com/photo-1592193771842-4ba215221444?ixlib=rb-1.2.1&ixid=MnwxMjA3fDB8MHxwaG90by1wYWdlfHx8fGVufDB8fHx8&auto=format&fit=crop&w=870&q=80
54,Monumen Bajra Sandhi,"Monumen Bajra Sandhi merupakan monumen perjuangan rakyat Bali sepanjang sejarah. [2] Monumen ini terletak di depan Kantor Gubernur Bali di Denpasar , Indonesia , di pulau Bali . Monumen ini dibangun pada tahun 1987, diresmikan oleh presiden Megawati Soekarnoputri pada tanggal 14 Juni 2003.",Budaya,Denpasar,25000,4.6,,"{'lat': -8.6717348, 'lng': 115.233902}",-8.6717348,115.233902,https://www.google.com/maps/place/Bajra+Sandhi+Monument/data=!4m6!3m5!1s0x2dd240f5b0baad2f:0xf67150ab4e009a2c!8m2!3d-8.6717348!4d115.233902!16s%2Fm%2F0n45qhz?authuser=0&hl=en&rclk=1,https://live.staticflickr.com/1639/26213218545_0e698300ea_b.jpg
55,Charlie Chocolate Factory,Ciri khas yang melekat dari Rumah Coklat ini terdapat pada bangunan dengan desain unik sekaligus menjadi ikon menarik bagi kalangan wisatawan untuk berfoto. Anda mungkin juga akan takjub dengan model bangunan seperti rumah hobbit dengan atap runcing dan jendela bundar. Bangunan ini bukanlah villa melainkan dapur sebagai tempat untuk menyiapkan hidangan yang dipesan pengunjung atau berupa kios yang menjual bubuk coklat.,Alam,Karangasem,10000,3.8,,"{'lat': -8.4831606, 'lng': 115.6173015}",-8.4831606,115.6173015,https://www.google.com/maps/place/Bali+Chocolate+Factory/data=!4m6!3m5!1s0x2dd2085e4bd07a79:0xe88e5504d35d43ac!8m2!3d-8.4831606!4d115.6173015!16s%2Fg%2F11b8zxwczb?authuser=0&hl=en&rclk=1,https://live.staticflickr.com/5340/9142991392_f257651323_b.jpg
56,Museum Seni Agung Rai,"Museum Seni Agung Rai atau Agung Rai Museum of Art (ARMA) merupakan salah satu museum seni rupa di Bali yang menyimpan berbagai koleksi lukisan yang berasal dari pelukis-pelukis ternama baik dari dalam negeri maupun mancanegara. Museum ini diresmikan oleh Menteri Pendidikan dan Kebudayaan Indonesia, Prof. Dr. Ing. Wardiman Djojonegoro pada 9 Juni 1996.",Budaya,Gianyar,100000,4.5,,"{'lat': -8.5228391, 'lng': 115.263835}",-8.5228391,115.263835,https://www.google.com/maps/place/Agung+Rai+Museum+of+Art/data=!4m6!3m5!1s0x2dd23d744d46d9c3:0x17defd93d73ad638!8m2!3d-8.5228391!4d115.263835!16s%2Fm%2F05b4w_7?authuser=0&hl=en&rclk=1,https://live.staticflickr.com/3812/9989936386_f5e5f418e2_k.jpg
57,Air Terjun Nungnung,"Suasana alami yang masih asri memberikan sensasi ketenangan untuk para pengunjung Air Terjun Nungnung. Lokasinya yang berada di area pedesaan, membuat keasrian tempat ini masih terjaga dengan baik. Di sisi lain, fasilitas pendukung yang disediakan oleh pemerintah setempat untuk kenyamanan para wisatawan pun cukup memadai.",Alam,Badung,5000,4.7,,"{'lat': -8.3297697, 'lng': 115.2293907}",-8.3297697,115.2293907,https://www.google.com/maps/place/Air+Terjun+Nungnung/data=!4m6!3m5!1s0x2dd22083c3c810e3:0xaf7683cd807138bc!8m2!3d-8.3297697!4d115.2293907!16s%2Fg%2F11btvwpqw_?authuser=0&hl=en&rclk=1,https://images.unsplash.com/photo-1640693034814-15eb6a553b61?ixlib=rb-1.2.1&ixid=MnwxMjA3fDB8MHxwaG90by1wYWdlfHx8fGVufDB8fHx8&auto=format&fit=crop&w=387&q=80
58,Tari Api Kecak Uluwatu,"Tari Api Kecak adalah salah satu pertunjukan seni paling ikonik di Bali, yang berlangsung di amfiteater di puncak tebing di samping Pura Uluwatu. Tempat duduk beton berjenjang mengelilingi panggung tengah yang cekung, menawarkan pemandangan Samudera Hindia yang mengesankan. Untuk drama tambahan, pertunjukan tari matahari terbenam ini menampilkan api, dan vokal manusia digunakan sebagai pengganti instrumen gamelan.",Budaya,Badung,100000,4.6,,"{'lat': -8.8305729, 'lng': 115.0854093}",-8.8305729,115.0854093,https://www.google.com/maps/place/Uluwatu+Kecak+%26+Fire+Dance/data=!4m6!3m5!1s0x2dd2500503808f13:0x34326abe297b8d24!8m2!3d-8.8305729!4d115.0854093!16s%2Fg%2F1hdz_3_b_?authuser=0&hl=en&rclk=1,https://images.unsplash.com/photo-1511164657592-59a452023479?ixlib=rb-1.2.1&ixid=MnwxMjA3fDB8MHxwaG90by1wYWdlfHx8fGVufDB8fHx8&auto=format&fit=crop&w=870&q=80
59,Istana Kepresidenan Tampaksiring,"Istana Tampaksiring adalah istana yang dibangun setelah Indonesia merdeka, yang terletak di Desa Tampaksiring, Kecamatan Tampaksiring, Kabupaten Gianyar, Bali. Istana ini berdiri atas prakarsa Presiden Soekarno yang menginginkan adanya tempat peristirahatan yang hawanya sejuk jauh dari keramaian kota, cocok bagi Presiden Republik Indonesia beserta keluarga maupun bagi tamu-tamu negara.",Budaya,Gianyar,15000,4.7,,"{'lat': -8.4149206, 'lng': 115.3109393}",-8.4149206,115.3109393,https://www.google.com/maps/place/Istana+Kepresidenan+Tampaksiring/data=!4m6!3m5!1s0x2dd218c468af6683:0x76dd0f9d7edc504b!8m2!3d-8.4149206!4d115.3109393!16s%2Fg%2F1226mpww?authuser=0&hl=en&rclk=1,https://live.staticflickr.com/2683/4099709099_20c28bb99c_b.jpg
60,Splash Water Park Bali,"Splash Water Park menampilkan seluncuran air kelas dunia dan aktivitas yang membawa kesenangan ke tingkat yang sama sekali baru! Terletak di Finns Recreation Club, Splash dirancang dengan mempertimbangkan kesenangan Anak-anak dan Dewasa. Tata letak rencana terbuka berarti Orang Tua dapat mengawasi anak-anak dari kenyamanan kursi berjemur mereka, sambil menikmati makanan dan minuman yang disajikan di meja atau kursi berjemur Anda. Splash Water Park memiliki beberapa area fungsi terbuka dan tertutup yang tersedia untuk pemesanan grup. Baik itu pesta anak-anak, kumpul-kumpul keluarga, atau membangun tim dengan rekan kerja, area fungsi dengan seluncuran air di sekitarnya ini akan menjadi hari yang menyenangkan!",Hobi,Badung,300000,4.1,,"{'lat': -8.6625577, 'lng': 115.147928}",-8.6625577,115.147928,https://www.google.com/maps/place/Splash+Water+Park+Bali/data=!4m6!3m5!1s0x2dd24779f0158265:0x5dc13a1cd94c2578!8m2!3d-8.6625577!4d115.147928!16s%2Fg%2F11b6c9_5dk?authuser=0&hl=en&rclk=1,https://live.staticflickr.com/3916/14660023584_a802aa3391_z.jpg
61,Circus Waterpark Kuta,"Circus Waterpark Bali masuk dalam waterpark terbaik di Asia. Tentunya bukan tanpa alasan, karena memang baik dari segi tatanan tempat, wahana hingga fasilitasnya sangat lengkap dan bagus. Sehingga tak heran, jika tempat wisata di Bali ini sering mendapatkan penghargaan. Ya, bukan hanya diakui sebagai waterpark terbaik di Asia pada tahun 2014, namun juga mendapatkan penghargaan dari TripAdvisor sebagai juara Excellence Service Award di tahun 2013.  Bahkan terakhir Circus Waterpark Kuta ini juga mendapatkan penghargaan Gold Certifikat dari THK, yang merupakan organisasi lingkungan hidup.",Hobi,Badung,100000,4,,"{'lat': -8.7372882, 'lng': 115.1752124}",-8.7372882,115.1752124,https://www.google.com/maps/place/Circus+Waterpark+Kuta/data=!4m6!3m5!1s0x2dd2441cfb06f989:0xcb9420bd2c3169da!8m2!3d-8.7372882!4d115.1752124!16s%2Fg%2F1q6csq6fd?authuser=0&hl=en&rclk=1,https://live.staticflickr.com/6060/6341217094_181483acac_k.jpg
62,Bale Kulkul Bali,"Disini Anda dapat melakukan aktivitas seperti menonton Tari Barong, dan berfoto menggunakan adat Bali dengan pemandangan yang indah. Nuansa Bali disini sangat terasa, untuk Anda yang suka berfoto ria, lokasi ini sangatlah tepat untuk Anda. Selain itu, datang ke Bale Kulkul Bali sangat cocok untuk liburan bersama keluarga, sahabat, ataupun pasangan Anda.",Budaya,Gianyar,100000,4.4,,"{'lat': -8.603031, 'lng': 115.6173015}",-8.603031,115.6173015,"https://www.google.com/maps/place/Bale+Kulkul+Bali/@-8.4831606,115.6173015,17z/data=!4m5!3m4!1s0x2dd23e4df6a96123:0x175c9b4878f8d841!8m2!3d-8.603031!4d115.2485821?authuser=0&hl=en",https://live.staticflickr.com/65535/49878512331_035546a252_5k.jpg
63,Kintamani Lookout,"Kintamani Lookout adalah salah satu objek wisata paling populer dan favorit di timur laut Bali yang merupakan rumah bagi alam yang mempesona dan enam desa kuno bersama dengan daya tarik utamanya, Danau Batur yang memukau bertengger di samping gunung berapi aktif. Desa Penelokan, Toya Bungkah, Batur, Kedisan, Abung, Songan dan Kintamani melambangkan keindahan abadi, karena mereka mengelilingi kuali danau.",Alam,Bangli,30000,4.6,,"{'lat': -8.2827344, 'lng': 115.364313}",-8.2827344,115.364313,https://www.google.com/maps/place/Kintamani+Lookout/data=!4m6!3m5!1s0x2dd1f5ce644aae19:0xf49f1e2053dfc7d9!8m2!3d-8.2827344!4d115.364313!16s%2Fg%2F11c1nq65qk?authuser=0&hl=en&rclk=1,https://images.unsplash.com/photo-1621412982763-d75f7546cd38?ixlib=rb-1.2.1&ixid=MnwxMjA3fDB8MHxwaG90by1wYWdlfHx8fGVufDB8fHx8&auto=format&fit=crop&w=1925&q=80
64,Taman Nasional Bali Barat,"Taman Nasional Bali Barat terletak di bagian barat dari pulau Bali di Indonesia. Taman nasional ini mempunyai luas 19.002,89 Ha yang terdiri dari kawasan terestrial seluas 15.587,89 ha. dan kawasan perairan selaus 3.415 ha dan sebagai salah satu kawasan kawasan konservasi. Taman Nasional Bali Barat terdiri dari berbagai habitat hutan dan sabana. Di tengah-tengah taman ini didominasi oleh sisa-sisa empat gunung berapi dari zaman Pleistocene, dengan gunung Patas sebagai titik tertinggi di tempat ini.",Alam,Buleleng,2500,4.5,,"{'lat': -8.1276061, 'lng': 114.4731514}",-8.1276061,114.4731514,"https://www.google.com/maps/place/West+Bali+National+Park/@-8.1276061,114.4731514,17z/data=!3m1!4b1!4m5!3m4!1s0x2dd143657d50a467:0xc6efbc99a654d0b2!8m2!3d-8.1276114!4d114.4753401?authuser=0&hl=en",https://live.staticflickr.com/65535/51123899915_e1c528d135_k.jpg
65,Pantai Blue Lagoon,"Blue Lagoon Beach adalah pantai yang bagus untuk snorkeling. Terumbu karang berada tepat di atas pantai dan sangat cantik. Cara terbaik adalah masuk ke sisi paling kiri, dimana ada kanal terumbu karang yang mengarah ke titik snorkling. Terdapat titik snorkeling yang bagus di teluk, meski snorkeling di Blue Lagoon atau White Sand Beach jauh lebih baik.",Alam,Karangasem,0,4.2,,"{'lat': -8.5297981, 'lng': 115.5133042}",-8.5297981,115.5133042,https://www.google.com/maps/place/Blue+Lagoon+Beach/data=!4m6!3m5!1s0x2dd20e6867d42f83:0x58759aeb2029403c!8m2!3d-8.5297981!4d115.5133042!16s%2Fg%2F1tlwhyxx?authuser=0&hl=en&rclk=1,https://images.unsplash.com/photo-1541233055021-849443736842?ixlib=rb-1.2.1&ixid=MnwxMjA3fDB8MHxwaG90by1wYWdlfHx8fGVufDB8fHx8&auto=format&fit=crop&w=774&q=80
66,Pura Agung Jagatnatha,"Pura Agung Jagatnatha adalah pura Bali yang indah yang terletak di jantung kota Denpasar. Ini adalah kuil terbesar di ibu kota pulau dan merupakan landmark ikonik. Pura ini dibangun di wilayah timur taman yang rimbun di Lapangan Puputan Badung. Sebagai pura umum, tidak jarang pengunjung dan penduduk lokal dari semua lapisan masyarakat berkumpul di pura untuk beribadah. Tidak seperti pura lain yang diberi nama sesuai lokasinya, Pura Agung Jagatnatha tidak dinamai Denpasar. Sifat lain yang membuatnya unik adalah kenyataan bahwa ia tidak memiliki staf untuk memeliharanya. Sebaliknya, pura dikelola oleh tim relawan reguler yang juga beribadah di pura",Budaya,Denpasar,0,4.7,,"{'lat': -8.6565619, 'lng': 115.216629}",-8.6565619,115.216629,"https://www.google.com/maps/place/Agung+Jagatnatha+Temple/@-8.6565619,115.216629,17z/data=!3m1!4b1!4m5!3m4!1s0x2dd2409bd9b22e93:0xd1ab0166f1f4f930!8m2!3d-8.6565672!4d115.2188177?authuser=0&hl=en",https://live.staticflickr.com/5183/5782330470_0c73cd2d96_4k.jpg
67,Pandora Experience,"Pandora Experience adalah Ultimate Escape Game Adventure di Kuta, Bali dimana pemain akan memasuki setiap escape room dalam kelompok yang terdiri dari 2-10 orang. Sepanjang perjalanan yang mendebarkan, Anda akan menemukan misteri, lorong rahasia, ruang tersembunyi, dan teka-teki yang menantang. Tim Anda memiliki waktu 120 menit di dalam ruang pelarian kami di mana semua indra Anda akan diuji hingga batasnya! Jadilah bagian dari kisah epik yang terbentang di sekitar Anda dan buat petualangan ruang pelarian Anda sendiri bersama teman dan keluarga! Tantangannya aktif!",,Badung,225000,4.7,,"{'lat': -8.7065008, 'lng': 115.1734905}",-8.7065008,115.1734905,"https://www.google.com/maps/place/Pandora+Experience+Escape+Room+Bali/@-8.7065008,115.1734905,17z/data=!3m1!4b1!4m5!3m4!1s0x2dd246cf7ab2527b:0xe0db0a862b86eea8!8m2!3d-8.7065061!4d115.1779752?authuser=0&hl=en",https://media-cdn.tripadvisor.com/media/photo-s/0d/aa/27/80/great-place-to-have-an.jpg
68,Museum Pasifika,"Museum Pasifika (Nusa Dua Bali) adalah museum seni di Bali, Indonesia yang menyajikan kebudayaan Asia dan Pasifik dan berbagai macam artefak budaya. Museum ini didirikan pada tahun 2006 oleh Moetaryanto P and Philippe Augier. Museum ini banyak menyimpan banyak barang-barang yang berhubungan dengan seni dimana terdapat lebih dari 600 kesenian oleh 200 seniman dari 25 negara. Maka dari itu di dalam museum ini banyak dijumpai galeri-galeri dengan berbagai kategori.",,Badung,70000,4.4,,"{'lat': -8.8001117, 'lng': 115.2307077}",-8.8001117,115.2307077,https://www.google.com/maps/place/Museum+Pasifika+Bali/data=!4m6!3m5!1s0x2dd241bee15fb345:0x36c6dce41ae717e7!8m2!3d-8.8001117!4d115.2307077!16s%2Fm%2F0gk_1dh?authuser=0&hl=en&rclk=1,https://live.staticflickr.com/2746/4315745384_7f7ebc99e3_c.jpg
69,Werdhi Budaya Art Centre,"Werdhi Budaya Art Centre adalah salah satu pusat acara budaya yang paling dikenal di Bali, dan tujuannya adalah untuk melestarikan dan memamerkan kekayaan seni dan budaya Bali. Arsitektur pusat ini mencerminkan kuil-kuil tradisional dan Istana Kerajaan, dan dikombinasikan dengan taman-taman indah yang mengelilingi pusat, hasilnya luar biasa. Pusat seni ini diresmikan pada tahun 1976, dan setiap tahun dari bulan Juni hingga Juli, tempat ini menjadi tuan rumah Festival Kesenian Bali yang sangat populer yang menyajikan pilihan pertunjukan tradisional Bali.",Budaya,Denpasar,0,4.6,,"{'lat': -8.6556215, 'lng': 115.2338714}",-8.6556215,115.2338714,https://www.google.com/maps/place/Werdhi+Budaya+Art+Centre/data=!4m6!3m5!1s0x2dd2408774ac0e19:0xee8eace99d65c91e!8m2!3d-8.6556215!4d115.2338714!16s%2Fg%2F11h84jtrpx?authuser=0&hl=en&rclk=1,https://live.staticflickr.com/2612/4087320292_b7d9963900_k.jpg
70,Krisna Funtastic Land,"Krisna Funtastic Land memiliki berbagai macam wahana menarik yaitu seperti Wahana Singaraja Flyer merupakan salah satu wahana yang sangat di minati dan sangat menegangkan karena  memiliki ketinggian 30 meter, tidak kalah juga dengan Wahana Star tour/Sepeda udara merupakan wahana yang sangat di minati bagi remaja masa kini, karena bisa berkeliling melihat semua area wahana dari atas dan memiliki nuansa romantic, Wahana Clasic Train/Kereta mini adalah salah satu wahana yang memiliki daya tarik seperti naik kereta sungguhan dan memanjakan anak-anak untuk bisa melihat/mengelilingi area wahana, dan masih ada banyak wahana lainnya seperti Playground, Carousel, Krisna Air, Roda Gila, Dragon Coaster, Self Control Plane, Perahu Dayu, Boom-Boom Cars, Lampion Castle, Viking, Air Borne Shot, 5 D Cinema, Flying Cakra, dan Arena Ketangkasan. ",Edukasi,Buleleng,5000,4.3,,"{'lat': -8.1790103, 'lng': 114.994318}",-8.1790103,114.994318,https://www.google.com/maps/place/Krisna+Funtasticland/data=!4m6!3m5!1s0x2dd18354c1674f11:0xeab10ee4e8cf7f1a!8m2!3d-8.1790103!4d114.994318!16s%2Fg%2F11c20swxtm?authuser=0&hl=en&rclk=1,https://dispar.bulelengkab.go.id/public/uploads/konten/krisna-fantastic-land-46.jpg
71,Pura Masceti,"Pura Masceti adalah salah satu dari sembilan pura Bali dan seharusnya menjaga pulau dari roh laut yang jahat. Kuil ini terletak di pantai suci Masceti di pantai timur pulau itu. Ini adalah kuil yang kurang dikenal dan jarang dikunjungi turis. Kami tidak yakin apakah ini karena candi ini tidak semenakjubkan candi pengarah lainnya, atau karena legenda Wisnu dan Laksmi yang dicintainya telah menakuti para pelancong.",Budaya,Badung,0,4.7,,"{'lat': -8.6818564, 'lng': 115.1524455}",-8.6818564,115.1524455,https://www.google.com/maps/place/Masceti+Temple/data=!4m6!3m5!1s0x2dd240ad68b5bf41:0x49427bae9d3471b2!8m2!3d-8.6818564!4d115.1524455!16s%2Fg%2F1pzqhth8v?authuser=0&hl=en&rclk=1,https://live.staticflickr.com/7016/6595292665_69f65ea707_c.jpg
72,Lovina Dolphin Statue,"Ingin menikmati rekreasi petualangan alam laut dan menyaksikan atraksi hewan mamalia laut dengan berbagai kelincahannya di alam bebas maka hewan lumba-lumba di perairan pantai Lovina di Kabupaten Buleleng ini menjadi tujuan tour anda berikutnya. Kawasan pariwisata Bali Utara bisa menjadi alternatif tujuan tour anda di pulau Bali berikutnya, kami sediakan tiket dolphin Lovina, yang menawarkan wisata petualangan baru bagi anda, menonton dan menyaksikan atraksi mereka di lautan lepas.",Alam,Buleleng,180000,4.4,,"{'lat': -8.1611801, 'lng': 115.0244562}",-8.1611801,115.0244562,https://www.google.com/maps/place/Lovina+Dolphin+Statue/data=!4m6!3m5!1s0x2dd19b3fa013ea43:0xf44f0f52932941fa!8m2!3d-8.1611801!4d115.0244562!16s%2Fg%2F11b6f6mg17?authuser=0&hl=en&rclk=1,https://live.staticflickr.com/2949/33547319590_0c3e115f4e_h.jpg
73,Pura Luhur Batukaru,"Pura Luhur Batukaru adalah sebuah pura Hindu di Tabanan , Bali , Indonesia . Terletak di lereng selatan Gunung Batukaru , gunung berapi tertinggi kedua di Bali, pura ini adalah salah satu dari sembilan kayangan jagat (kuil pengarah) yang dimaksudkan untuk melindungi Bali dari roh jahat. Awalnya dibangun pada abad ke-11, Pura Luhur Batukaru didedikasikan untuk leluhur raja- raja Tabanan. Itu dihancurkan pada tahun 1604, tetapi dibangun kembali pada tahun 1959. Kuil terpenting di kuil ini adalah meru 7 tingkat yang didedikasikan untuk Mahadewa, Dewa Gunung Batukaru.",Budaya,Tabanan,15000,4.8,,"{'lat': -8.3720075, 'lng': 115.1025803}",-8.3720075,115.1025803,https://www.google.com/maps/place/Pura+Luhur+Batukaru/data=!4m6!3m5!1s0x2dd240a56f674049:0xce1977e67dd5fb85!8m2!3d-8.3720075!4d115.1025803!16s%2Fm%2F0k0kbdx?authuser=0&hl=en&rclk=1,https://live.staticflickr.com/1509/24322282445_d998bfbfce_h.jpg
74,Bukit Asah,"Bukit Asah Bali merupakan sebuah bukit yang berhadapan dengan laut lepas menyimpan sejuta keindahan. Area Bukit Asah sangat indah dengan beberapa pemandangan anda bisa lihat seperti pantai Bias Putih, Tebing bukit Panggian yang juram, pulau Kuan di depan Bukit Asah dan terasiring bukit. Kemah di Bukit Asah akan menjadikan anda dan keluarga anda lebih dekat dengan alam dan menjadikan pikiran menjadi lebih fresh kembali setelah bergelut dengan kesibukan sehari hari.",Alam,Karangasem,10000,4.5,,"{'lat': -8.5056052, 'lng': 115.612146}",-8.5056052,115.612146,https://www.google.com/maps/place/Bukit+Asah+Bali+-+Tempat+Camping+di+Bali/data=!4m6!3m5!1s0x2dd209016bfe6b45:0x2bcb4b0b635f7df7!8m2!3d-8.5056052!4d115.612146!16s%2Fg%2F11c70bjy3d?authuser=0&hl=en&rclk=1,https://live.staticflickr.com/8231/28327663516_8491f5c5e4_k.jpg
75,Museum Subak,"Museum Subak adalah museum yang menyajikan informasi yang berkaitan dengan sistem irigasi (pengairan) sawah tradisional Bali Subak. Museum ini terletak di Kota Tabanan, Provinsi Bali. Museum ini merupakan museum khusus tentang sistem pertanian di Bali berciri khas kemandirian atas landasan kekal “Tri Hita Krana”, konsep keseimbangan dari tiga penyebab kebahagiaan (Tuhan, manusia dan alam).",Budaya,Tabanan,10000,4.2,,"{'lat': -8.5453051, 'lng': 115.1380888}",-8.5453051,115.1380888,https://www.google.com/maps/place/Subak+Museum/data=!4m6!3m5!1s0x2dd23a52875eff3f:0x85e1a14c34a27a3b!8m2!3d-8.5453051!4d115.1380888!16s%2Fg%2F11c52rkgb8?authuser=0&hl=en&rclk=1,https://live.staticflickr.com/65535/49964627403_3a6d358f31_c.jpg
76,OKA Agriculture,"Tempat yang bagus untuk para pecinta kopi. Anda akan mendapatkan gratis 14 minuman penguji (kopi, teh, dll), dan saya memesan secangkir kopi luwak di sini seharga 50 ribu rupiah. Sayang sekali saat itu berkabut dan hujan ketika saya datang ke sini.",Hobi,Gianyar,0,4.4,,"{'lat': -8.3814355, 'lng': 115.3358734}",-8.3814355,115.3358734,https://www.google.com/maps/place/OKA+Agriculture+Bali/data=!4m6!3m5!1s0x2dd21ede610cf647:0x33ea242543dc2663!8m2!3d-8.3814355!4d115.3358734!16s%2Fg%2F11cjghmjq_?authuser=0&hl=en&rclk=1,https://media-cdn.tripadvisor.com/media/photo-s/18/0f/b4/d5/20190619-090220-largejpg.jpg
77,Pura Samuan Tiga,"Pura ini memang memiliki latar belakang sejarah yang sangat penting akanan tatanan kehidupan masyarakat Bali sampai sekarang ini. Selain dengan latar belakang sejarah berdirinya Pura Samuan Tiga yang menjadi bagian penting akan perkembangan kepercayaan beragama bagi umat Hindu di Bali, pura Samuan Tiga juga merupakan peninggalan bersejarah masa lampau yang mana sebelum dikenal sebagai Pura Samuan Tiga, pura ini sudah berdiri dan dinamakan Pura Gunung Goak dan bahkan ada yang menyebutnya sebagai Pura Batan Bawah.",Budaya,Gianyar,10000,4.7,,"{'lat': -8.523841, 'lng': 115.294948}",-8.523841,115.294948,https://www.google.com/maps/place/Pura+Samuan+Tiga/data=!4m6!3m5!1s0x2dd2162d50139615:0xf2d2078f913edfcd!8m2!3d-8.523841!4d115.294948!16s%2Fg%2F1pzqvlwn_?authuser=0&hl=en&rclk=1,https://live.staticflickr.com/2058/5769081223_75545b1e97_h.jpg
78,Bedugul,"Bedugul adalah kawasan resor danau pegunungan di Bali , Indonesia , terletak di wilayah tengah-utara pulau dekat Danau Bratan di jalan antara Denpasar dan Singaraja , kawasan ini meliputi desa Bedugul itu sendiri, Candikuning , Pancasari , Pacung dan Wanagiri antara lain. Sawah Terasering Jati Luwih, Bedugul, Bali.",Alam,Tabanan,30000,4.8,,"{'lat': -8.2820064, 'lng': 115.1652541}",-8.2820064,115.1652541,https://www.google.com/maps/place/Bedugul/data=!4m6!3m5!1s0x2dd189733eb730a3:0xf9e3caa4b52d5d14!8m2!3d-8.2820064!4d115.1652541!16s%2Fm%2F05f3xks?authuser=0&hl=en&rclk=1,https://live.staticflickr.com/3379/3420958962_bc702269d1_b.jpg
79,Pura Gunung Lebah,"Pura Gunung Lebah berjarak 1,5 Km dari pasar Ubud ke barat. Berada di lembah yang menyatu di sungai Cerik dan sungai Wos yang berhadapan dengan Tjampihan. Gunung Lebah berarti ""bukit lebah"" dalam bahasa Indonesia. Kuil ini sangat sunyi. Pura Gunung Lebah merupakan pura yang menjadi tempat lahirnya Ubud dengan sejarah.",Budaya,Gianyar,0,4.4,,"{'lat': -8.5040282, 'lng': 115.2546199}",-8.5040282,115.2546199,https://www.google.com/maps/place/Pura+Gunung+Lebah/data=!4m6!3m5!1s0x2dd23d3e0ac72a05:0x979a345a4910105c!8m2!3d-8.5040282!4d115.2546199!16s%2Fg%2F12hqs2lml?authuser=0&hl=en&rclk=1,https://live.staticflickr.com/7892/32646575657_20fe836540_b.jpg
80,Bunut Bolong,"Bunut Bolong adalah pohon bunut raksasa di desa Manggisari di Jembrana, Bali Barat. Pohon bunut raksasa yang berusia sangat tua ini adalah landmark alam yang disucikan oleh penduduk setempat. Mereka percaya pohon itu sudah berusia berabad-abad. Kata ""Bunut"" adalah kata Bali untuk jenis pohon tertentu yang memiliki karakteristik yang mirip dengan beringin, dan kata ""Bolong"" berarti ""lubang"", dengan demikian kata ""Bunut Bolong"" berarti pohon Bunut yang memiliki lubang di dalamnya.",Alam,Jembrana,0,4.5,,"{'lat': -8.3863726, 'lng': 114.8715205}",-8.3863726,114.8715205,"https://www.google.com/maps/place/Bunut+Bolong/@-8.3863726,114.8715205,17z/data=!3m1!4b1!4m5!3m4!1s0x2dd3d53a102c0ce5:0xd9ce15bece2d822c!8m2!3d-8.3863779!4d114.8737092?authuser=0&hl=en",https://live.staticflickr.com/2505/13096280834_3f53b815e1_b.jpg
81,Kebun Binatang Bali,"Sepanjang hari, ada berbagai acara yang dapat Anda ikuti, termasuk waktu makan interaktif. Berbagai kegiatan juga tersedia, seperti Night at the Zoo untuk melihat tingkah laku satwa setelah matahari terbenam. Kebun binatang ini juga berfungsi sebagai situs konservasi untuk berbagai spesies, jadi Anda dapat yakin bahwa semua hewan yang tinggal di sini segembira mungkin!",Alam,Gianyar,100000,4.4,,"{'lat': -8.5904024, 'lng': 115.2642919}",-8.5904024,115.2642919,"https://www.google.com/maps/place/Bali+Zoo/@-8.5904024,115.2642919,17z/data=!3m1!4b1!4m5!3m4!1s0x2dd23e3e4361eea5:0x3bf4eb36bfd7c6be!8m2!3d-8.5904077!4d115.2664806?authuser=0&hl=en",https://live.staticflickr.com/3671/19281329469_b085a41651_h.jpg
82,Air Terjun Kanto Lampo,"Air Terjun Kanto Lampo . Ini adalah permata tersembunyi di Bali di mana Anda dapat berendam di air murni, dan berfoto di atas batu karang yang terkenal. Tersembunyi jauh di dalam hutan wilayah Gianyar, Air Terjun Kanto Lampo bisa menjadi pemandangan yang bagus untuk dijelajahi.",Alam,Gianyar,20000,4.7,,"{'lat': -8.5321414, 'lng': 115.329035}",-8.5321414,115.329035,"https://www.google.com/maps/place/Kanto+Lampo+Waterfall/@-8.5321414,115.329035,17z/data=!3m1!4b1!4m5!3m4!1s0x2dd217ff9adc01a1:0xea08b2e84ad7ab23!8m2!3d-8.5321467!4d115.3312231?authuser=0&hl=en",https://www.gotravelly.com/blog/wp-content/uploads/2018/07/kanto-lampo-1200x900.jpg
83,Air Terjun Leke Leke,"Air Terjun Leke Leke adalah tempat wisata di Bali mengenai objek wisata air terjun yang terletak di Desa Antapan, Kecamatan Baturiti, Kabupaten Tabanan. Objek wisata air terjun ini sangat populer di kalangan wisatawan karena menawarkan pemandangan indah yang tiada tara, banyak wisatawan berduyun-duyun ke tempat ini untuk melepas penat dari stress di perkotaan atau sekedar ingin menikmati sensasi yang berbeda dalam liburan mereka di pulau Bali.",Alam,Tabanan,25000,4.5,,"{'lat': -8.3643441, 'lng': 115.1951144}",-8.3643441,115.1951144,"https://www.google.com/maps/place/Leke+Leke+Waterfall/@-8.3643441,115.1951144,17z/data=!3m1!4b1!4m5!3m4!1s0x2dd220d6da4ff65d:0x7b898588ca3ea351!8m2!3d-8.3643494!4d115.1973031?authuser=0&hl=en",https://live.staticflickr.com/65535/46918685925_3c21593f75_h.jpg
84,Bukit Jambul,"Bukit Jambul Karangasem menjadi satu lagi tempat menarik yang bisa dijumpai di Kabupaten Karangasem, Bali. Di tempat ini, para wisatawan akan bisa menyaksikan pemandangan alam Karangasem yang masih hijau dan alami. Keberadaan Bukit Jambul ini semakin menahbiskan Pulau Dewata Bali sebagai provinsi yang memiliki kebijakan wisata ramah lingkungan.",Alam,Karangasem,0,4.5,,"{'lat': -8.4801912, 'lng': 115.3625661}",-8.4801912,115.3625661,"https://www.google.com/maps/place/Bukit+Jambul/@-8.4801912,115.3625661,13z/data=!3m1!4b1!4m5!3m4!1s0x2dd210a15caff747:0xa6f1a9d73f50b716!8m2!3d-8.4802778!4d115.3975?authuser=0&hl=en",https://live.staticflickr.com/8652/16247693801_2e772461a9.jpg
85,Candidasa,Kawasan wisata Candi Dasa Karangasem adalah kawasan resort yang mirip dengan kawasan objek wisata Sanur. Umumnya wisatawan yang berlibur ke Candi Dasa Karangasem karena ingin menikmati suasana yang berbeda dari kawasan pariwisata yang berada di Bali selatan.,Alam,Karangasem,0,4.3,,"{'lat': -8.5099857, 'lng': 115.5509602}",-8.5099857,115.5509602,"https://www.google.com/maps/place/Candidasa+Beach/@-8.5099857,115.5509602,14z/data=!3m1!4b1!4m5!3m4!1s0x2dd2092cb3cd7f25:0x871e3813fed35ad5!8m2!3d-8.5099736!4d115.5685065?authuser=0&hl=en",https://balistarisland.com/wp-content/uploads/2016/02/candidasabeach6.jpg
86,Tulamben,"Bagi anda menyukai aktivitas menyelam atau snorkeling (berenang di atas permukaan air laut) maka nama Desa Tulamben tidak akan asing buat anda. Desa Tulamben sebagai salah satu tempat pariwisata di Bali, memiliki keunikan tersendiri untuk tempat rekreasi air di pulau Bali. Keunikan desa Tulamben terdapat pada kapal Liberty jenis USAT (US Army Transport) yang karam pada tahun 1942. Kapal USAT Liberty karam karena ditorpedo oleh kapal selam Jepang pada perang dunia ke-2.",Hobi,Karangasem,500000,4.7,,"{'lat': -8.2741594, 'lng': 115.5755705}",-8.2741594,115.5755705,"https://www.google.com/maps/place/Tulamben+US+Liberty+Wreck+Ship/@-8.2741594,115.5755705,14z/data=!4m5!3m4!1s0x2dd1ff1609f90d39:0x7c42693d22efc668!8m2!3d-8.2742022!4d115.5930373?authuser=0&hl=en",https://live.staticflickr.com/4190/34325634022_041972b4c3_4k.jpg
87,Amed Beach,"Pemandangan pantai di Amed sangat fantastis, terutama di pagi hari saat matahari terbit. Maka itu, Pantai Amed Karangasem Bali adalah tempat yang sangat baik untuk Anda kunjungi, jika Anda mencari tempat liburan yang tenang dan jauh dari keramaian.",Alam,Karangasem,0,4.6,,"{'lat': -8.3353526, 'lng': 115.6161036}",-8.3353526,115.6161036,"https://www.google.com/maps/place/Amed+Beach/@-8.3353526,115.6161036,13z/data=!4m5!3m4!1s0x2dd2007d2b57f8e1:0x9178b79de46df737!8m2!3d-8.3354249!4d115.6576354?authuser=0&hl=en",https://live.staticflickr.com/3625/5845568225_56f954bfb6_b.jpg
88,Tenganan,"Keunikan desa Tenganan Karangasem sebagai daya tarik wisata terdapat pada bangunan penduduk yang masih traditional, tenunan kain gringsing, serta acara perang pandan.",Budaya,Karangasem,10000,4.4,,"{'lat': -8.4767897, 'lng': 115.5491259}",-8.4767897,115.5491259,"https://www.google.com/maps/place/Tenganan+Pegeringsingan+Village/@-8.4767897,115.5491259,14z/data=!3m1!4b1!4m5!3m4!1s0x2dd20f5255555555:0x7cef2106aaef2da3!8m2!3d-8.4768604!4d115.5665902?authuser=0&hl=en",https://live.staticflickr.com/3461/3820322880_e7d51bd5ae_k.jpg
89,Labuan Amuk,"Tujuan utama dari sebagian besar wisatawan saat mengunjungi pantai Amuk Bay di Karangasem adalah untuk menikmati keindahan panorama alam bawah laut yang masih alami. Ada banyak cara yang wisatawan gunakan untuk dapat menikmati keindahan alam bawah laut Amuk Bay, seperti melakukan aktivitas diving, snorkeling bahkan melakukan aktivitas wisata kapal selam.",Hobi,Karangasem,15000,4.4,,"{'lat': -8.4763824, 'lng': 115.4268468}",-8.4763824,115.4268468,"https://www.google.com/maps/place/Pelabuhan+Amuk/@-8.4763824,115.4268468,11z/data=!4m9!1m2!2m1!1spantai+amuk!3m5!1s0x2dd20e4f912f4f93:0x8fb674b95044d2c6!8m2!3d-8.5176924!4d115.5068814!15sCgtwYW50YWkgYW11a1oNIgtwYW50YWkgYW11a5IBEnRvdXJpc3RfYXR0cmFjdGlvbpoBI0NoWkRTVWhOTUc5blMwVkpRMEZuU1VNMGJFOUhURVYzRUFF?authuser=0&hl=en",https://live.staticflickr.com/7403/9477038107_9ae0d9f967_c.jpg
90,Pantai Padang Bai,"Objek wisata Pantai Padang Bai menawarkan pasir putih dengan ombak laut yang sangat tenang dan perairan dangkal. Karena perairan pantai Padang Bai sangat tenang dan dangkal, maka pada sore hari, banyak wisatawan lokal mengajak anak-anak mereka berenang di perairan pantai Padang Bai.",Alam,Karangasem,0,4.5,,"{'lat': -8.5309661, 'lng': 115.5058895}",-8.5309661,115.5058895,"https://www.google.com/maps/place/Padang+Bai+Beach/@-8.5309661,115.5058895,16z/data=!3m1!4b1!4m5!3m4!1s0x2dd20e663533dd61:0x9fb794caf1bad457!8m2!3d-8.5306578!4d115.5096385?authuser=0&hl=en",https://live.staticflickr.com/65535/14431205666_011c23a41c_k.jpg
91,Pantai Bias Tugel,"Daya tarik utama dari Bias Tugel beach terdapat pada lokasinya yang tersembunyi karena terisolasi area bukit batu karang. Hal ini membuat Bias Tugel beach tidak terlalu ramai dengan pengunjung. Selain itu, pasir pantai berwarna putih dan sedikit bercampur dengan pasir hitam. Jadi Bias Tugel Beach tidak memiliki pasir putih seperti halnya pantai Melasti Ungasan atau pantai Padang-Padang.",Alam,Karangasem,5000,4.5,,"{'lat': -8.5361364, 'lng': 115.4739279}",-8.5361364,115.4739279,"https://www.google.com/maps/place/Bias+Tugel+Beach/@-8.5361364,115.4739279,13z/data=!3m1!4b1!4m5!3m4!1s0x2dd20e657fe1b24b:0x39bfc47b60755279!8m2!3d-8.536223!4d115.5088618?authuser=0&hl=en",https://live.staticflickr.com/2924/14041723732_020daa4de6_b.jpg
92,Pantai Virgin Perasi Karangasem,"Virgin Beach Bali dapat di katakan sebagai salah satu pantai terbaik di Bali timur dan sangat sering di sebutkan dalam buku panduan wisata perjalanan luar negeri. Pasir di pantai Virgin Beach warnanya tidak benar-benar putih, lebih condong berwarna kuning, dan sedikit bercampur dengan pasir hitam, tapi di kenal dengan sebutan pantai pasir putih.",Alam,Karangasem,10000,4.5,,"{'lat': -8.5013217, 'lng': 115.5756065}",-8.5013217,115.5756065,"https://www.google.com/maps/place/Virgin+Beach,+Karangasem,+Bali/@-8.5013217,115.5756065,13z/data=!4m5!3m4!1s0x2dd2087bd100001d:0xa3128aa9273f7d3e!8m2!3d-8.5014083!4d115.6105404?authuser=0&hl=en",https://live.staticflickr.com/7097/7174576570_7d65b670f1_b.jpg
93,Pura Goa Lawah,"Goa Lawah terdiri dari kata goa dan lawah. Kata Lawah adalah bahasa Bali yang berarti kelelawar. Jika di terjemahkan, maka artinya adalah pura Goa Kelelawar. Jadi pura Goa Lawah merupakan sebuah pura dan pada dalam area pura terdapat sebuah goa yang di huni ribuan kelelawar. Pemandangan di pura ini sangat khas dan unik. Keunikan pura ini terdapat pada goa yang berada di bawah pepohonan rindang. Selain itu di dalam dinding mulut gua terdapat banyak kelelawar bergantungan.",Budaya,Klungkung,15000,4.7,,"{'lat': -8.5515731, 'lng': 115.4688279}",-8.5515731,115.4688279,"https://www.google.com/maps/place/Goa+Lawah+Temple/@-8.5515731,115.4688279,17z/data=!3m1!4b1!4m5!3m4!1s0x2dd212002b27b8a9:0x64d9703162191aad!8m2!3d-8.5515375!4d115.468823?authuser=0&hl=en",https://live.staticflickr.com/8777/16850504407_3aa6938e5b_h.jpg
94,Pantai Kusamba,"Pantai Kusamba adalah salah satu dari banyak pantai berpasir hitam yang tenang dan eksotis di Bali Timur. Ini menonjol karena tambak garam tradisionalnya, yang berusia hampir 1.000 tahun. Peternakan dijalankan oleh penduduk desa setempat yang juga mencari nafkah dari memancing. Pada pagi hari yang cerah, Anda biasanya dapat melihat sekilas para nelayan setempat melakukan rutinitas sehari-hari mereka, menyiapkan jaring mereka dan bekerja sama untuk mengangkut  jukung  (cadik kayu) mereka ke laut. Sementara itu, kelompok lain biasanya akan sibuk memanen garam di petak-petak terdekat.",Alam,Klungkung,0,4.1,,"{'lat': -8.5636564, 'lng': 115.4343289}",-8.5636564,115.4343289,"https://www.google.com/maps/place/Kusamba+Beach/@-8.5636564,115.4343289,14z/data=!4m9!1m2!2m1!1spantai+kusamba!3m5!1s0x2dd20e705781a8df:0xe5f1edb71a38b5d4!8m2!3d-8.5636564!4d115.4518384!15sCg5wYW50YWkga3VzYW1iYVoQIg5wYW50YWkga3VzYW1iYZIBBWJlYWNomgEjQ2haRFNVaE5NRzluUzBWSlEwRm5TVU41YzNOcFNGTjNFQUU?authuser=0&hl=en",https://encrypted-tbn0.gstatic.com/images?q=tbn:ANd9GcTruq2McSvVukV2ngbmCQps737LomQtNe6zwg&usqp=CAU
95,Taman Kertha Gosa,"Hal utama yang menjadi daya tarik tempat wisata taman Kerta Gosa adalah arsitektur bangunan yang mencirikan arsitektur khas Bali abad 17. Keindahan arsitektur terutama terlihat pada bangunan Bale Kambang, yang di kelilingi kolam yang disebut Taman Gili. Karena terdapat kolam mengelilingi Bale Kambang, maka untuk dapat memasukai area bangunan Bale Kambang, pengunjung akan melewati jembatan dari batu-bata.",Budaya,Klungkung,15000,4.5,,"{'lat': -8.5356552, 'lng': 115.3854711}",-8.5356552,115.3854711,"https://www.google.com/maps/place/Kertha+Gosa+Park/@-8.5356552,115.3854711,14z/data=!4m9!1m2!2m1!1sKerta+Gosa!3m5!1s0x2dd211154c6b51d9:0xd32fe6608e383c8!8m2!3d-8.5357743!4d115.4029448!15sCgpLZXJ0YSBHb3NhWgwiCmtlcnRhIGdvc2GSAQRwYXJr?authuser=0&hl=en",https://dynamic-media-cdn.tripadvisor.com/media/photo-o/0a/c3/3b/7d/templo.jpg?w=1200&h=1200&s=1
96,Pasar Seni Sukawati,"Pasar tradisional Sukawati tempat yang sangat tepat untuk anda ingin berbelanja barang harga murah. Walaupuan anda tidak ingin berbelanja, namun hanya ingin melihat jenis oleh-oleh atau kerajinan khas pulau Bali, pasar tradisional Sukawati cocok untuk anda kunjungi.",Budaya,Gianyar,0,4.3,,"{'lat': -8.5964879, 'lng': 115.2651387}",-8.5964879,115.2651387,"https://www.google.com/maps/place/Sukawati+Art+Market/@-8.5964879,115.2651387,14z/data=!3m1!4b1!4m5!3m4!1s0x2dd23e28616c410d:0x960eaffe9f543e3c!8m2!3d-8.5965307!4d115.2826055?authuser=0&hl=en",https://thumb.viva.co.id/media/frontend/thumbs3/2019/03/19/5c90b62d40051-lima-trik-belanja-murah-di-pasar-seni-sukawati-bali_1265_711.jpg
97,Bukit Cinta,Area bukit Cinta banyak di kunjungi wisatawan yang suka jalan-jalan di area bukit hijau terutama menjelang matahari terbenam. Jalan-jalan di area bukit Cinta Ubud terkenal dengan nama Campuhan Ridge Walk.,Alam,Gianyar,0,4.5,,"{'lat': -8.4993039, 'lng': 115.2375716}",-8.4993039,115.2375716,"https://www.google.com/maps/place/Bukit+Campuhan/@-8.4993039,115.2375716,14z/data=!3m1!4b1!4m5!3m4!1s0x2dd23d3968fd1da5:0x90fb03bfae62a888!8m2!3d-8.4993467!4d115.2550384?authuser=0&hl=en",https://h8r3x6j3.rocketcdn.me/wp-content/uploads/2019/11/bukit-cinta-bali-viewpoint.jpg
98,Museum Blanco,"Museum lukisannya ada di objek wisata Ubud Bali. Don Antonio Blanco maestro lukis kelahiran Filipina dan terkenal sebagai seniman eksentrik. Ini akan dapat anda lihat dari bentuk museum dan lukisan. Lokasi museum Blanco Ubud, terletak di puncak bukit dan menghadap ke lembah sungai Campuhan.",Budaya,Gianyar,35000,4.3,,"{'lat': -8.5055928, 'lng': 115.2542561}",-8.5055928,115.2542561,"https://www.google.com/maps/place/The+Blanco+Renaissance+Museum/@-8.5055928,115.2542561,15z/data=!4m5!3m4!1s0x0:0x3c7b62c135ac609!8m2!3d-8.5055928!4d115.2542561?sa=X&ved=0ahUKEwi6npDfiLTNAhUBi5QKHfLvC3sQ_BIIhQEwDw&shorturl=1",https://media.suara.com/pictures/653x366/2019/10/12/36288-museum-blanco-renaissance-bali.jpg
99,Museum Puri Lukisan,"Jika anda ingin spesifik melihat koleksi lukisan dari seniman lokal Ubud, Museum Puri Lukisan Ubud salah satu yang dapat anda kunjungi. Selain lukisan karya pelukis lokal Ubud, daya tarik utama yang membuat banyak wisatawan berkunjung ke Museum Puri Lukisan terletak pada bangunan arsitektur khas Bali yang sangat megah.",Budaya,Gianyar,85000,4.3,,"{'lat': -8.5052035, 'lng': 115.2602709}",-8.5052035,115.2602709,"https://www.google.co.id/maps/place/Museum+Puri+Lukisan/@-8.5052035,115.2602709,15z/data=!4m5!3m4!1s0x0:0x1cf8abb996ec8402!8m2!3d-8.5052035!4d115.2602709",https://live.staticflickr.com/8067/8220724993_36abd982e1_h.jpg
100,Museum Neka,"Jika anda ingin melihat salah satu karya pelukis terkenal Indonesia, yaitu pak Affandi. Maka Museum Neka Ubud, harus ada dalam jadwal liburan anda di Bali. Karena di Museum Neka Ubud, terdapat 2 koleksi lukisan karya Affandi.",Budaya,Gianyar,75000,4.4,,"{'lat': -8.4921172, 'lng': 115.2538212}",-8.4921172,115.2538212,"https://www.google.co.id/maps/place/Neka+Art+Museum/@-8.4921172,115.2538212,15z/data=!4m5!3m4!1s0x0:0xf2a74dcfe819a3a!8m2!3d-8.4924592!4d115.2535174",https://live.staticflickr.com/65535/51694325074_9565db6ae6_h.jpg
101,Pura Gunung Kawi Sebatu,"Jika candi biasanya berdiri di atas sebidang tanah, namun candi Gunung Kawi berada di dalam tebing. Objek wisata candi tebing Gunung Kawi adalah situs purbakala. Daya tarik utama dari objek wisata candi tebing Gunung Kawi, selain terletak pada candi yang berada di dalam tebing, juga karena tempat ini sangat asri, dengan suara germercik air sungai Pakerisan.",Budaya,Gianyar,30000,4.6,,"{'lat': -8.4046433, 'lng': 115.2934603}",-8.4046433,115.2934603,"https://www.google.co.id/maps/place/Pura+Gunung+Kawi+Sebatu/@-8.4046433,115.2934603,17z/data=!3m1!4b1!4m5!3m4!1s0x2dd218ada3476ce9:0x44aa4af6b004f009!8m2!3d-8.4046433!4d115.2934603",https://live.staticflickr.com/65535/46944780965_e1e386ca3f_3k.jpg
102,Rafting Sungai Ayung,"Salah satu alasan banyak wisatawan yang menyukai rafting di sungai Ayung Ubud, karena aktivitas rafting di sungai Ayung Ubud bersifat rekreasi, dengan arus sungai yang tidak kuat.",Hobi,Gianyar,150000,4.6,,"{'lat': -8.446393, 'lng': 115.233799}",-8.446393,115.233799,"https://www.google.co.id/maps/place/Start+Point+Sobek+Ayung+Rafting/@-8.446393,115.233799,15z/data=!4m5!3m4!1s0x0:0x8d8c5ee31d90c7a4!8m2!3d-8.446393!4d115.233799",https://www.water-sport-bali.com/wp-content/uploads/2012/01/ayung-rafting.jpg
103,Pura Taman Saraswati,"Pura Taman Saraswati Ubud adalah Pura Hindu yang di peruntukan untuk tempat memuja Dewi Saraswati. Di pura Taman Saraswati Ubud terdapat ukiran khas Ubud Bali, memiliki kolam bunga teratai, mengelilingi panggung pementasan tari Bali.",Budaya,Gianyar,10000,4.4,,"{'lat': -8.5059569, 'lng': 115.2614926}",-8.5059569,115.2614926,"https://www.google.co.id/maps/place/Pura+Taman+Saraswati/@-8.5059569,115.2614926,15z/data=!4m5!3m4!1s0x0:0xe028854c14cbced9!8m2!3d-8.5059569!4d115.2614926?shorturl=1",https://live.staticflickr.com/7883/46995986992_d056ea9802_4k.jpg
104,Goa Gajah,"Daya tarik yang membuat wisatawan suka berlibur ke objek wisata Goa Gajah, karena Goa Gajah adalah objek wisata arkeologi, dengan keunikan bentuk ukiran dan anda dapat memasuki areal goa. Area ruangan dalam goa sangat kecil. Pada area depan goa terdapat kolam besar dan terdapat lima patung.",Alam,Gianyar,30000,4.2,,"{'lat': -8.5234378, 'lng': 115.2871568}",-8.5234378,115.2871568,"https://www.google.co.id/maps/place/Goa+Gajah/@-8.5234378,115.2871568,15z/data=!4m5!3m4!1s0x0:0xcf6f85fcf798a545!8m2!3d-8.5234378!4d115.2871568?sa=X&ved=0ahUKEwis94aFzLHNAhXDGZQKHZG9A54Q_BIIeTAP&shorturl=1",https://live.staticflickr.com/65535/49801983343_40c6680832_6k.jpg
105,Taman Nusa Bali,"Taman Nusa Bali adalah sebuah taman budaya yang di fokuskan pada budaya Indonesia. Selain itu, di taman budaya ini terdapat begitu banyak informasi yang akan di dapatkan oleh pengunjung. Sebagian besar mengenai kebudayaan dari berbagai suku yang ada di Indonesia.",Budaya,Gianyar,50000,4.3,,"{'lat': -8.5285746, 'lng': 115.3410539}",-8.5285746,115.3410539,"https://www.google.com/maps/place/Taman+Nusa/@-8.5285746,115.3410539,14z/data=!3m1!4b1!4m5!3m4!1s0x2dd216dde1b8da09:0xd36ee4095fe3d8e6!8m2!3d-8.5286174!4d115.3585207",https://m-kuta.com/wp-content/uploads/2018/12/taman-nusa-bali-.jpg
106,Danau Batur,"Danau Batur merupakan danau kawah yang berlokasi Kabupaten Bangli. Lokasinya berada di dalam kaldera gunung berapi aktif, Gunung Batur namanya. Berada di ketinggian 1.050 meter di atas permukaan laut, cocok buat kamu yang mencari suasana sejuk dan jauh dari keramaian.",Alam,Bangli,0,4.6,,"{'lat': -8.2548217, 'lng': 115.332523}",-8.2548217,115.332523,"https://www.google.com/maps/place/Danau+Batur/@-8.2548217,115.332523,12z/data=!3m1!4b1!4m5!3m4!1s0x2dd1f680e7f40cad:0x605760d5a99c0414!8m2!3d-8.258816!4d115.408195",https://www.kintamani.id/wp-content/uploads/Pemandangan-menyejukkan-mata-Danau-Batur-Kintamani.jpg
107,Danau Tamblingan,Kegiatan terbaik yang dapat dilakukan di danau ini adalah tracking menyusuri Danau Buyan hingga Danau Tamblingan. Nikmati kelestarian dan ketenangan alam sekitar dengan berjalan-jalan menyusuri rerimbunan pepohonan dan pemukiman warga lokal. Siswa-siswa sekolah yang senang menyatu dengan alam juga sering menggunakan kawasan Danau Tamblingan sebagai tempat untuk berkemah.,Alam,Bangli,10000,4.7,,"{'lat': -8.2572337, 'lng': 115.0793101}",-8.2572337,115.0793101,"https://www.google.com/maps/place/Lake+Tamblingan/@-8.2572337,115.0793101,14z/data=!3m1!4b1!4m5!3m4!1s0x2dd18602e5bdc255:0x29a7fd33142b9cd5!8m2!3d-8.2570585!4d115.0970101",https://live.staticflickr.com/8738/16833454072_a227b12ea4_k.jpg
108,Pemandian Air Panas Toya Devasya,"Toya Devasya Natural Hot Spring ini tidak hanya menyediakan kolam pemandian air panas saja, tetapi juga resor untuk tempat anda menginap, sehingga anda bisa merasakan suasana alam yang berbeda, tenang dan nyaman jauh dari hiruk pikuk perkotaan. Menikmati liburan keluarga terutama bersama anak-anak akan memberikan pengalaman menarik dan menyenangkan, bahkan tempat ini ideal untuk tujuan wisata bulan madu atau honeymoon.",Hobi,Bangli,70000,4.3,,"{'lat': -8.2503116, 'lng': 115.3988553}",-8.2503116,115.3988553,"https://www.google.com/maps/place/Toya+Devasya/@-8.2503116,115.3988553,19z/data=!3m1!4b1!4m8!3m7!1s0x2dd1f6bf253cb91d:0xeee31ff58137fed6!5m2!4m1!1i2!8m2!3d-8.2503129!4d115.3994026?hl=en",https://toyadevasya.com/storage/gallerys/riF1595563382dWuJa.jpg
109,Pemandian Air Panas Kintamani ,"Toya Bungkah adalah nama pemandian air panas Kintamani dan juga terkenal dengan nama Batur Natural Hot Spring Kintamani. Arti dari nama Toya Bungkah berasal dari dua suku kata, Toya artinya air dan Bungkah artinya bongkahan batu. Karena sumber air panas berasal dari akuifer di kedalaman 635 meter dari permukaan tanah yang memiliki suhu air sekitar 50 derajat celcius.",Hobi,Bangli,70000,4.3,,"{'lat': -8.2512285, 'lng': 115.3980699}",-8.2512285,115.3980699,"https://www.google.com/maps/place/Batur+Natural+Hot+Spring/@-8.2512285,115.3980699,17z/data=!3m1!4b1!4m5!3m4!1s0x2dd1f6bf0e3169af:0x8ef3f92c8a8ab80a!8m2!3d-8.2512338!4d115.4002586?hl=en",https://live.staticflickr.com/3771/9338629799_2f08816969_k.jpg
110,Anjungan Tukad Melangit,"Objek Wisata Anjungan Tukad Melangit di Tembuku Bangli Bali adalah salah satu tempat wisata yang berada di Dusun Antugan, Desa Jehem, Kecamatan Tembuku, Kabupaten Bangli, Bali, Indonesia. Objek Wisata Anjungan Tukad Melangit di Tembuku Bangli Bali adalah tempat wisata yang ramai dengan wisatawan pada hari biasa maupun hari liburan. Tempat ini sangat indah dan bisa memberikan sensasi yang berbeda dengan aktivitas kita sehari hari.",Alam,Bangli,5000,4.1,,"{'lat': -8.3909032, 'lng': 115.3730311}",-8.3909032,115.3730311,"https://www.google.com/maps/place/Anjungan+Tukad+Melangit+(Antugan+Hill)/@-8.3909032,115.3730311,17z/data=!3m1!4b1!4m5!3m4!1s0x2dd21ea9716bc10b:0xfaf5b346bf0fc2f3!8m2!3d-8.3909085!4d115.3752198?hl=en",https://www.ayobali.net/wp-content/uploads/2021/03/Anjungan-Tukad-Melangit.jpg
111,Pantai Jimbaran,"Sebagian besar wisatawan yang berkunjung ke objek wisata pantai Jimbaran, selain mencari hidangan laut khas Bali, ada tujuan lain yaitu melihat pemadangan matahari terbenam atau sunset. Maka itu, pada sore hari menjelang malam, tempat wisata pantai Jimbaran selalu ramai mendapat kunjungan wisatawan. Baik wisatawan mancanegara dan wisatawan domestik.",Alam,Badung,0,4.5,,"{'lat': -8.7750469, 'lng': 115.1562882}",-8.7750469,115.1562882,"https://www.google.com/maps/place/Jimbaran+Beach/@-8.7750469,115.1562882,15z/data=!3m1!4b1!4m5!3m4!1s0x2dd244f35b8a5d05:0xd42d4da6a44aa938!8m2!3d-8.7765946!4d115.1663701?hl=en",https://live.staticflickr.com/4651/25707710087_88132c85f8_z.jpg
112,Pantai Kedonganan,"Pasir pantai di Kedongan berwarna putih kekuningan dengan butiran pantai sedikit kasar. Kebersihan garis pantai sangat terjaga dan bentangan garis pantai sangat panjang dan landai. Saya kurang tahu pasti seberapa panjang garis pantai Kedonganan, pasti sejauh mata memandang.",Alam,Badung,0,4.3,,"{'lat': -8.7620423, 'lng': 115.1678953}",-8.7620423,115.1678953,"https://www.google.com/maps/place/Kedonganan+Beach/@-8.7620423,115.1678953,17z/data=!4m13!1m7!3m6!1s0x2dd244666838fb37:0x262547f2eed34f65!2sJl.+Pantai+Kedonganan,+Kabupaten+Badung,+Bali!3b1!8m2!3d-8.7620476!4d115.170084!3m4!1s0x2dd24468f30f174b:0xdd70159dc4cd2d8e!8m2!3d-8.7607719!4d115.1691842?hl=en",https://live.staticflickr.com/2565/3776826952_cc59ca4e77_z.jpg
113,Pantai Nusa Dua,Pantainya yang menghadap ke timur membuat tempat wisata ini menjadi pantai terbaik untuk wisatawan yang ingin melihat matahari terbit yang sempurna. Di samping air laut yang sangat jernih dan sangat menggoda.,Alam,Badung,0,4.6,,"{'lat': 8.8003678, 'lng': 115.2001329}",8.8003678,115.2001329,"https://www.google.com/maps/place/Nusa+Dua+Beach/@-8.8003678,115.2001329,14z/data=!3m1!4b1!4m5!3m4!1s0x2dd242d6feba16fd:0x84a7328be1e50953!8m2!3d-8.8004121!4d115.2360119?hl=en",https://images.unsplash.com/photo-1592393613858-ed47154c9623?ixlib=rb-1.2.1&ixid=MnwxMjA3fDB8MHxwaG90by1wYWdlfHx8fGVufDB8fHx8&auto=format&fit=crop&w=870&q=80